0,first_name,last_name,email,department,salary,joining_date,age,,,,,,department,1,,1,,,
1,Joshua,Ramos,alexandra29@gmail.com,Operations,65313.8,23-05-2024,60,,,,,,Operations,189,,189,,0,
2,Christina,Clark,littlekyle@yahoo.com,IT,58827.32,02-10-2021,60,,,,,,IT,204,,204,,,
3,Jonathon,Sullivan,tannerivan@johnson.com,Operations,57427.31,30-04-2020,60,,,Row Labels,Sum of salary,,HR,205,,205,,,
4,adi,Aguirre,jamieortega@yahoo.com,HR,45352.74,04-04-2021,60,,,Finance,865293.82,,Finance,208,,208,,,
5,Veronica,Weber,trevinosteven@ramos.com,Operations,78772.56,06-10-2020,60,,,HR,774994.4,,Marketing,190,,190,,,
6,Louis,Rivera,parksamy@gmail.com,Finance,30448.72,05-05-2020,60,,,IT,780312.76,,,,,0,,,
7,Sabrina,Gonzalez,rwillis@mason-clark.biz,Marketing,88476.72,15-10-2020,60,,,Marketing,415890.48,,,,,,,,
8,Jillian,Lewis,sreese@mclean-baker.net,Marketing,49895.55,08-06-2021,60,,,Operations,480516.75,,,,,,,,
9,Caroline,Kennedy,inguyen@huynh.com,Finance,88878.64,17-07-2024,60,,,Grand Total,3317008.21,,,,,,,,
10,Adam,Sanchez,luisclark@hotmail.com,HR,88331.24,23-03-2020,60,,,,,,,,,,,,
11,Sara,Miller,tmoore@warren-lewis.org,Marketing,68588.45,21-07-2020,60,,,,,,department,first_name,Joshua,Christina,Jonathon,adi,Veronica
12,Hannah,Carrillo,dianeroberts@becker.com,Operations,82047.41,13-05-2024,60,,,,,,Operations,0,1,0,1,0,1
13,Elizabeth,Johnson,ramirezbriana@hotmail.com,IT,83585.45,11-12-2023,60,,,,,,IT,0,0,1,0,0,0
14,Victor,Lamb,michellebrown@finley.com,Finance,55038.09,29-10-2024,60,,,,,,HR,0,2,0,1,1,0
15,Tammy,Collins,cherylbanks@gmail.com,HR,39382.83,12-03-2021,60,,,,,,Finance,0,4,2,0,0,0
16,Miranda,Mcmahon,bonillamatthew@yahoo.com,Operations,41564.15,20-04-2021,60,,,,,,Marketing,0,1,1,0,0,0
17,Carla,Melton,nicholas84@johnson-phillips.com,Finance,41986.9,08-11-2024,60,,,,,,,,,,,,
18,Robert,Sullivan,millerallison@hotmail.com,Finance,72896.95,09-06-2024,60,,,,,,,,,,,,
19,Jessica,Williams,royrandy@kelly.com,Operations,98452.12,02-07-2020,60,,,,,,,,,,,,
20,Kristina,Rivera,fbrooks@martin-blair.com,IT,85703.19,18-12-2022,60,,,,15-06-2026,,,,,,,,
21,Jason,Harding,smithgarrett@gmail.com,Finance,54100.54,31-08-2022,60,,,,,,,,,,,,
22,Karen,Brown,mcdonaldchristina@haynes.com,Marketing,78103.24,07-02-2020,59,,,,,,,,,,,,
23,David,Webster,zacharylee@thomas-sharp.com,Marketing,35390.49,21-06-2022,59,,,,,,,,,,,,
24,Margaret,Barry,isaacfischer@hotmail.com,Marketing,58500.34,17-11-2024,59,,,,,,,,,,,,
25,Monica,Olson,zparrish@hotmail.com,IT,75404.05,02-01-2021,59,,,,,,,,,,,,
26,Eduardo,Smith,rossjared@montes.com,IT,96756.21,31-03-2021,59,,,,,,,,,,,,
27,Carrie,Olson,isabellahall@gmail.com,Marketing,72155.31,31-05-2021,59,,,,,,,,,,,,
28,Bradley,Flowers,david06@johnson-simon.com,HR,71647.02,20-01-2021,59,,,,,,,,,,,,
29,Derek,Dunlap,zhudson@frank.org,Finance,87172.65,04-05-2020,59,,,,,,,,,,,,
30,Christopher,Wilson,nmurray@rivera.biz,HR,85120.78,06-04-2021,59,,,,,,,,,,,,
31,Kristina,Banks,gutierrezjeffrey@gmail.com,Operations,91453.39,14-09-2021,59,,,,,,,,,,,,
32,Nancy,Ortiz,claytonmcguire@turner-fowler.com,HR,37425.94,18-04-2023,59,,,,,,,,,,,,
33,Kristine,Roberts,elizabethwhite@yahoo.com,Finance,64355.51,02-02-2022,59,,,,,,,,,,,,
34,Robert,Duke,unguyen@yahoo.com,Marketing,49302.91,04-02-2020,59,,,,,,,,,,,,
35,Kenneth,Phillips,michael73@webb.com,Finance,51958.01,01-11-2021,59,,,,,,,,,,,,
36,Douglas,Webster,wcarey@ray.biz,Finance,96160.89,11-10-2024,59,,,,,,,,,,,,
37,Dylan,Warner,robertschristopher@wilkerson.org,IT,57348.57,15-12-2022,59,,,,,,,,,,,,
38,Anthony,Moran,pearsonmichael@schmidt-hernandez.info,Marketing,61178.71,17-07-2022,59,,,,,,,,,,,,
39,Jessica,Stokes,robertjones@gmail.com,IT,60328.03,24-12-2022,59,,,,,,,,,,,,
40,Katie,Gordon,stephaniegill@hotmail.com,HR,77255.03,28-12-2021,59,,,,,,,,,,,,
41,Kathleen,Bailey,zthompson@smith-wall.com,Finance,92873.35,22-11-2024,59,,,,,,,,,,,,
42,James,Vaughn,jessicaperez@hall.com,HR,47270.87,18-11-2023,59,,,,,,,,,,,,
43,Jaime,Evans,millerkathleen@fuller.info,HR,31594.03,21-04-2020,59,,,,,,,,,,,,
44,Vanessa,Rosario,angela21@yahoo.com,Marketing,65408.88,15-04-2021,59,,,,,,,,,,,,
45,Dwayne,Kline,zjenkins@shaffer.com,HR,55993.32,17-04-2023,59,,,,,,,,,,,,
46,Jeremiah,Silva,richardsonmichael@hotmail.com,HR,34163.36,23-12-2021,59,,,,,,,,,,,,
47,Michelle,Perez,waterscharles@gmail.com,Finance,44352.52,29-11-2023,59,,,,,,,,,,,,
48,Ricardo,Wilson,michaelhawkins@hotmail.com,IT,31024.79,27-12-2022,59,,,,,,,,,,,,
49,Barbara,Gay,zkim@yahoo.com,IT,87649.9,16-04-2021,59,,,,,,,,,,,,
50,Eugene,Taylor,chadmcdonald@mitchell.com,Finance,35104.03,09-01-2023,59,,,,,,,,,,,,
51,Joshua,Freeman,smithkarl@li.org,Finance,35893.46,25-03-2023,59,,,,,,,,,,,,
52,Melissa,Garcia,anthonypeters@yahoo.com,HR,49094.01,20-06-2021,59,,,,,,,,,,,,
53,David,Flynn,riveraangel@hotmail.com,Operations,35475.54,09-03-2023,59,,,,,,,,,,,,
54,Steven,Robinson,westariana@griffith-shepherd.info,HR,41451.52,08-12-2022,59,,,,,,,,,,,,
55,Thomas,Davis,arnoldsean@allen.com,Operations,61914.65,08-12-2022,59,,,,,,,,,,,,
56,Larry,Vargas,jonesjames@hotmail.com,Finance,43182.66,23-09-2022,59,,,,,,,,,,,,
57,William,Hodge,judy34@ferrell-garrett.com,Operations,60669.47,27-05-2024,59,,,,,,,,,,,,
58,David,King,louismendoza@nguyen.org,Finance,32339.87,28-10-2021,59,,,,,,,,,,,,
59,Fred,Nicholson,vthomas@yahoo.com,HR,59827.76,29-01-2020,59,,,,,,,,,,,,
60,Rickey,Moore,rjohnson@russell-morgan.com,Operations,77195.29,30-12-2022,59,,,,,,,,,,,,
61,Michael,Carlson,conniemorris@yahoo.com,HR,37731.53,13-07-2020,58,,,,,,,,,,,,
62,Christy,Martin,tcarr@davis.org,IT,38943.3,21-05-2020,58,,,,,,,,,,,,
63,Alexis,Rodriguez,kayla91@yahoo.com,IT,75687.13,18-10-2020,58,,,,,,,,,,,,
64,Susan,Parker,richardsonchristopher@gmail.com,Operations,77946.72,19-06-2020,58,,,,,,,,,,,,
65,Donna,Gibbs,milleralicia@johnson.com,HR,98453.91,26-09-2024,58,,,,,,,,,,,,
66,Stephen,Cox,laura89@hotmail.com,Finance,57193.92,11-05-2023,58,,,,,,,,,,,,
67,Andrew,Evans,sfields@jimenez.org,Operations,97693.15,27-07-2021,58,,,,,,,,,,,,
68,Kathleen,Mcintyre,rebeccalopez@guzman.com,Marketing,41015.44,24-08-2022,58,,,,,,,,,,,,
69,Sheri,Clark,william03@gmail.com,Finance,63724.89,07-08-2023,58,,,,,,,,,,,,
70,Cassandra,Lee,jensenlisa@warner-dixon.org,Finance,74820.04,05-05-2024,58,,,,,,,,,,,,
71,Tiffany,Allen,phillipdunn@gmail.com,Marketing,69740.45,30-05-2020,58,,,,,,,,,,,,
72,Roberto,Frost,saraferguson@hotmail.com,HR,97048.59,17-10-2024,58,,,,,,,,,,,,
73,Robert,Grant,gburns@yahoo.com,Marketing,91798.22,18-03-2024,58,,,,,,,,,,,,
74,Joshua,Powell,utravis@harris-tucker.com,Finance,42744.06,16-03-2022,58,,,,,,,,,,,,
75,Ricardo,Johnson,susancollier@gmail.com,Finance,58864,20-07-2023,58,,,,,,,,,,,,
76,Kyle,Durham,bhenry@weaver.com,Marketing,51792.55,16-05-2023,58,,,,,,,,,,,,
77,Shawn,Banks,adamsdale@hamilton-baldwin.org,Operations,79243.09,28-08-2022,58,,,,,,,,,,,,
78,Brian,Campbell,warecarrie@hotmail.com,Finance,73643.21,30-07-2023,58,,,,,,,,,,,,
79,Michael,Diaz,nortonkristine@hotmail.com,Marketing,63084.86,25-07-2020,58,,,,,,,,,,,,
80,Aaron,Foster,ramirezdaniel@anderson.com,HR,90474.37,09-02-2024,58,,,,,,,,,,,,
81,Frank,Harper,dannymacdonald@gmail.com,Operations,89616.97,24-11-2024,58,,,,,,,,,,,,
82,William,Williams,cynthia43@evans.com,Marketing,72750.58,28-03-2022,58,,,,,,,,,,,,
83,Regina,Cruz,iclarke@gmail.com,HR,67870.5,08-07-2020,58,,,,,,,,,,,,
84,Brandy,Perry,matthew41@lee-raymond.com,Marketing,77254.08,27-10-2021,58,,,,,,,,,,,,
85,Betty,Griffin,carnold@jones.net,Finance,99398.29,23-11-2024,58,,,,,,,,,,,,
86,Amy,Williams,uromero@adkins.com,IT,37718.75,17-04-2022,58,,,,,,,,,,,,
87,Jacob,Monroe,cjimenez@barber.com,HR,50172.7,04-07-2021,58,,,,,,,,,,,,
88,Jill,Hall,ericcosta@williams-long.net,Finance,78092.13,11-09-2022,58,,,,,,,,,,,,
89,Alexandra,Richmond,valdezmatthew@gmail.com,Operations,63588.59,03-01-2023,57,,,,,,,,,,,,
90,Tyler,Powers,gperry@keith-thomas.com,Operations,64827.2,18-05-2024,57,,,,,,,,,,,,
91,Jonathan,Thompson,jwalker@gmail.com,HR,62490.56,28-06-2020,57,,,,,,,,,,,,
92,Ashley,Martin,wilsonjoel@hotmail.com,HR,50046.33,21-12-2023,57,,,,,,,,,,,,
93,Carmen,Mccoy,simsmarvin@hotmail.com,HR,57355.47,20-11-2023,57,,,,,,,,,,,,
94,Joy,Livingston,vknox@yahoo.com,Marketing,42493.99,06-04-2024,57,,,,,,,,,,,,
95,Catherine,Williamson,pauljohnson@lawrence.net,Finance,95067.49,26-01-2023,57,,,,,,,,,,,,
96,Patricia,Patrick,charles41@hotmail.com,Marketing,79539.11,22-04-2021,57,,,,,,,,,,,,
97,Benjamin,Cruz,mendozakristina@gmail.com,Operations,98354.94,02-09-2024,57,,,,,,,,,,,,
98,Terry,Gallegos,chansamuel@hotmail.com,HR,52962.04,13-10-2021,57,,,,,,,,,,,,
99,Dawn,Byrd,raymondtodd@mcdonald.info,HR,41234.1,30-04-2020,57,,,,,,,,,,,,
100,Carrie,Acevedo,sanchezalexander@yahoo.com,HR,41857.01,17-01-2022,57,,,,,,,,,,,,
101,Ricardo,White,paul70@hotmail.com,HR,88300.52,21-10-2022,57,,,,,,,,,,,,
102,Emily,Nelson,anthonyorozco@alvarez.com,Finance,68770.78,19-01-2022,57,,,,,,,,,,,,
103,Tanya,Thomas,ncastillo@gonzalez.org,Finance,67611.84,13-09-2021,57,,,,,,,,,,,,
104,Andrew,Mcgee,ehampton@alvarez.com,HR,85405.07,23-08-2020,57,,,,,,,,,,,,
105,Michael,Fritz,fritzlauren@thomas.net,Marketing,64378.1,06-08-2021,57,,,,,,,,,,,,
106,Danielle,Bush,pamela25@bauer-martin.com,Operations,38389.78,25-07-2021,57,,,,,,,,,,,,
107,David,Craig,kwells@yahoo.com,Marketing,38181.22,22-10-2021,57,,,,,,,,,,,,
108,Maurice,Crosby,jasmineyoung@yahoo.com,Finance,96784.58,04-06-2023,57,,,,,,,,,,,,
109,Heather,Wood,kimberly58@banks.biz,HR,75964.82,28-06-2020,57,,,,,,,,,,,,
110,Jessica,Lawrence,nperez@thompson.com,Operations,83933.68,01-09-2022,57,,,,,,,,,,,,
111,Austin,Nichols,pkelly@hartman-terry.com,Finance,48184.56,26-08-2022,57,,,,,,,,,,,,
112,Betty,Cardenas,johnholland@gmail.com,Finance,39584.67,20-07-2024,57,,,,,,,,,,,,
113,Raymond,Roberts,mary93@bailey.biz,Marketing,66642.13,20-08-2022,57,,,,,,,,,,,,
114,Nancy,Kelley,osmith@ward.com,Marketing,54063.49,07-12-2021,57,,,,,,,,,,,,
115,Stephanie,Brooks,deborahperez@yahoo.com,HR,75502.1,04-10-2023,57,,,,,,,,,,,,
116,Olivia,Hughes,zunigasandra@morales.biz,Operations,92492.73,07-08-2023,57,,,,,,,,,,,,
117,Alyssa,Rivera,laurie54@lewis.info,IT,44335.7,23-11-2023,57,,,,,,,,,,,,
118,Stacey,Gonzalez,vsilva@gmail.com,HR,96035.66,01-07-2024,57,,,,,,,,,,,,
119,Natalie,Mccormick,renee82@yahoo.com,Operations,84462.16,27-04-2021,57,,,,,,,,,,,,
120,Mary,Smith,julieharris@hall.biz,IT,44144.75,06-03-2020,57,,,,,,,,,,,,
121,Walter,Villanueva,teresaruiz@washington.com,Marketing,65796.03,19-09-2022,56,,,,,,,,,,,,
122,Elizabeth,Perkins,andersonlaurie@gmail.com,Operations,88243.31,30-10-2021,56,,,,,,,,,,,,
123,Debbie,Phillips,xblake@hotmail.com,IT,56673.08,18-02-2023,56,,,,,,,,,,,,
124,Darryl,Evans,martincharlene@gutierrez-scott.com,Finance,38116.58,26-07-2021,56,,,,,,,,,,,,
125,Marisa,Hines,wendy29@yahoo.com,HR,82784.71,18-06-2020,56,,,,,,,,,,,,
126,Ricky,Jimenez,pattersonalyssa@hardy.info,IT,92445.46,27-11-2024,56,,,,,,,,,,,,
127,Michelle,Underwood,jamesjohnson@williams.com,Operations,95090.64,24-06-2024,56,,,,,,,,,,,,
128,Kelly,Riley,gary82@evans.com,IT,95520.11,01-07-2020,56,,,,,,,,,,,,
129,Melanie,Doyle,hopkinsbrenda@barker-mueller.com,IT,47098.33,09-05-2021,56,,,,,,,,,,,,
130,Jennifer,Fox,olynn@gmail.com,HR,61777.14,02-08-2020,56,,,,,,,,,,,,
131,Natasha,Miranda,xking@mosley.com,Operations,75664.19,24-05-2024,56,,,,,,,,,,,,
132,Jessica,Thomas,davidsuarez@yahoo.com,IT,69013.19,15-10-2020,56,,,,,,,,,,,,
133,Robert,Johnson,washingtonbrett@hotmail.com,IT,95982.02,30-07-2023,56,,,,,,,,,,,,
134,Samantha,Moore,michelle61@gray-arnold.info,IT,76487.68,17-12-2022,56,,,,,,,,,,,,
135,Ronald,Terry,aoliver@yahoo.com,Marketing,86004.5,06-02-2021,56,,,,,,,,,,,,
136,Samuel,Benson,denise06@rojas.com,Finance,93215.95,02-09-2023,56,,,,,,,,,,,,
137,Paul,Werner,ryankelly@schroeder.net,HR,79814.91,29-05-2023,56,,,,,,,,,,,,
138,Thomas,Booker,angelaneal@yahoo.com,HR,96685.45,18-07-2024,56,,,,,,,,,,,,
139,Jennifer,Norris,michellefitzpatrick@parks.net,Marketing,78256.39,27-07-2022,56,,,,,,,,,,,,
140,Shawn,Wright,nwilliams@hotmail.com,Operations,39532.15,28-02-2024,55,,,,,,,,,,,,
141,Henry,Hampton,bobbyramos@craig.com,Marketing,98629.17,31-07-2022,55,,,,,,,,,,,,
142,Amanda,Bruce,ablackwell@hernandez.com,IT,96446.84,09-10-2022,55,,,,,,,,,,,,
143,George,Leach,jonesjames@arnold-rios.com,HR,69553.01,28-01-2021,55,,,,,,,,,,,,
144,Anthony,Nelson,jacksonemily@yahoo.com,IT,59409.65,07-07-2020,55,,,,,,,,,,,,
145,Mary,Gentry,michellepena@hotmail.com,Finance,59668.66,31-10-2024,55,,,,,,,,,,,,
146,Mia,Harris,johnnyreyes@gilmore.com,Finance,70054.78,18-04-2020,55,,,,,,,,,,,,
147,Laura,Marquez,susan52@hotmail.com,HR,78043.71,07-11-2023,55,,,,,,,,,,,,
148,Michael,Green,nwilliams@robles.com,HR,40791.26,18-02-2021,55,,,,,,,,,,,,
149,William,Phillips,allenchristopher@rivera.com,Marketing,58037.21,13-05-2023,55,,,,,,,,,,,,
150,Alejandro,Carlson,alexanderlawson@anderson.com,Finance,31515.61,01-06-2023,55,,,,,,,,,,,,
151,Collin,Meyers,wesleyreyes@hudson.com,Marketing,92177.09,14-06-2022,55,,,,,,,,,,,,
152,Sarah,Garner,ericagrant@hotmail.com,HR,32007.84,25-12-2019,55,,,,,,,,,,,,
153,James,Peterson,jessica72@gmail.com,HR,48794.48,16-03-2021,55,,,,,,,,,,,,
154,Miranda,Brown,walkermichelle@herrera.org,Finance,75145.77,08-12-2021,55,,,,,,,,,,,,
155,Carl,Reed,lauren34@hotmail.com,Marketing,51031.46,13-10-2024,55,,,,,,,,,,,,
156,Kristina,Lozano,uperez@snow-mcdaniel.com,IT,66107.93,20-01-2020,55,,,,,,,,,,,,
157,Kimberly,Krause,taylorfox@williams-brock.com,Marketing,35367.11,26-03-2023,55,,,,,,,,,,,,
158,Michelle,Hicks,ashleyschwartz@perez.com,Finance,90610.91,03-06-2021,55,,,,,,,,,,,,
159,Sharon,Washington,wfranklin@hotmail.com,HR,73190.6,04-04-2023,55,,,,,,,,,,,,
160,Melissa,Cline,amanda20@walker.com,Finance,96859.2,25-11-2021,55,,,,,,,,,,,,
161,Raymond,George,eadams@stone-smith.net,IT,53840.04,19-09-2020,55,,,,,,,,,,,,
162,Jermaine,Brown,paulsmith@yahoo.com,Finance,77806.3,04-01-2022,55,,,,,,,,,,,,
163,Autumn,Martinez,efranklin@clark.com,IT,49900.39,11-12-2022,54,,,,,,,,,,,,
164,Christopher,White,david41@flowers.org,IT,57815.21,15-08-2022,54,,,,,,,,,,,,
165,Terry,Stewart,mooreraymond@rios-henry.org,Operations,87390.22,19-05-2020,54,,,,,,,,,,,,
166,Jeffrey,Parker,sarahray@turner-alexander.com,IT,86165.43,15-02-2024,54,,,,,,,,,,,,
167,Michael,Morris,chandlerryan@rowland-smith.com,Operations,67114.27,16-03-2021,54,,,,,,,,,,,,
168,Angela,Morris,tyleribarra@hotmail.com,IT,40796.29,23-11-2020,54,,,,,,,,,,,,
169,Samantha,Brown,beckerbobby@rasmussen-sanders.com,HR,52076.52,30-03-2021,54,,,,,,,,,,,,
170,Jennifer,Jackson,xthomas@yahoo.com,IT,84774.45,17-07-2023,54,,,,,,,,,,,,
171,Valerie,Booth,qparker@yahoo.com,HR,58303.11,02-07-2023,54,,,,,,,,,,,,
172,Alicia,Wolf,wdavis@brown.info,HR,53398.54,27-03-2023,54,,,,,,,,,,,,
173,Robert,Smith,christine55@gmail.com,Finance,55711.11,21-05-2021,54,,,,,,,,,,,,
174,Stephen,Knight,kaiserjeanne@andrade.com,IT,66166.49,07-09-2023,54,,,,,,,,,,,,
175,Willie,Ramos,douglas05@guerrero-robinson.com,Marketing,48446.38,08-06-2024,54,,,,,,,,,,,,
176,Maria,Maddox,smithwilliam@johnson.info,HR,31936.1,26-07-2022,54,,,,,,,,,,,,
177,Katie,Williams,davisrobert@jenkins.com,IT,85924.95,24-07-2022,54,,,,,,,,,,,,
178,Michele,Davis,qcox@gmail.com,Operations,64518.81,25-12-2020,54,,,,,,,,,,,,
179,Noah,Jenkins,ethansingh@yahoo.com,Finance,63930.92,06-08-2021,54,,,,,,,,,,,,
180,Jamie,Wood,brittanydillon@hotmail.com,HR,61960.44,25-10-2022,54,,,,,,,,,,,,
181,Kelly,Mejia,josephmclean@williams.com,IT,67123.69,12-08-2023,54,,,,,,,,,,,,
182,Samantha,Adams,bsmith@gmail.com,Finance,52614.66,09-06-2024,54,,,,,,,,,,,,
183,Tina,Silva,mitchellrebecca@hotmail.com,HR,72459.85,10-07-2021,54,,,,,,,,,,,,
184,Stacey,Schneider,michaelmatthew@walker.com,Marketing,59386.27,27-07-2023,54,,,,,,,,,,,,
185,Nancy,Alexander,bgomez@cohen-white.com,Operations,31897.11,28-10-2021,54,,,,,,,,,,,,
186,Madison,Davis,prattmandy@yahoo.com,HR,63644.58,05-11-2024,54,,,,,,,,,,,,
187,Kristina,Martinez,yoderkenneth@howard-reese.com,Marketing,99644.45,17-05-2024,54,,,,,,,,,,,,
188,Eric,Clarke,uproctor@hotmail.com,IT,47090.34,22-04-2020,54,,,,,,,,,,,,
189,Kerry,Roberts,baxterjoseph@simmons.com,IT,47842.91,26-11-2022,54,,,,,,,,,,,,
190,Jennifer,Hicks,zayers@long.info,Finance,43961.97,23-07-2023,54,,,,,,,,,,,,
191,David,Johnson,lauramontgomery@hotmail.com,Finance,74405.6,06-04-2023,54,,,,,,,,,,,,
192,Michael,Smith,robertjones@hotmail.com,IT,96986.85,30-10-2023,54,,,,,,,,,,,,
193,Justin,Bartlett,kellydana@reynolds.com,Finance,81295.65,01-11-2023,54,,,,,,,,,,,,
194,Ashley,Castillo,acarter@orozco.com,HR,92022.93,12-11-2024,53,,,,,,,,,,,,
195,Frank,Martin,stephensbrenda@hotmail.com,Finance,51198.98,16-12-2023,53,,,,,,,,,,,,
196,Garrett,Hughes,hhart@yahoo.com,HR,31785.83,15-06-2024,53,,,,,,,,,,,,
197,Jonathan,James,jasminerodriguez@reed.com,Finance,60562.67,04-01-2024,53,,,,,,,,,,,,
198,Alexandra,Lester,youngwilliam@gmail.com,Operations,97142.6,16-06-2021,53,,,,,,,,,,,,
199,Kelly,Mendoza,thomasfisher@mcneil.info,Finance,99277.04,15-01-2020,53,,,,,,,,,,,,
200,Brandon,Cuevas,colemanchristopher@kelly.net,Marketing,78097.93,04-02-2020,53,,,,,,,,,,,,
201,Ray,Hall,ldavidson@hotmail.com,Operations,46623.79,27-06-2022,53,,,,,,,,,,,,
202,Todd,Jones,fgutierrez@hotmail.com,Operations,81495.45,16-05-2020,53,,,,,,,,,,,,
203,Bradley,Bean,john12@gmail.com,HR,47389.5,22-04-2024,53,,,,,,,,,,,,
204,David,Stevenson,huntmary@jones.com,Marketing,59048.78,30-10-2020,53,,,,,,,,,,,,
205,Tiffany,Rose,maria90@yahoo.com,HR,42230.53,09-05-2022,53,,,,,,,,,,,,
206,Elizabeth,Maynard,tinasmith@yahoo.com,Operations,92737.85,11-11-2023,53,,,,,,,,,,,,
207,Rodney,Curry,matthewkim@zamora.com,HR,91764.93,26-02-2021,53,,,,,,,,,,,,
208,Adrian,Lewis,lori79@yahoo.com,HR,91344.97,27-07-2022,53,,,,,,,,,,,,
209,Daniel,Waters,garycasey@baldwin.info,Marketing,36835.93,10-01-2022,53,,,,,,,,,,,,
210,Lisa,Williams,qbrown@smith.com,HR,60210.51,17-01-2023,53,,,,,,,,,,,,
211,Brian,Mitchell,imendez@yahoo.com,HR,36112.31,08-06-2021,53,,,,,,,,,,,,
212,Teresa,Howard,courtney51@hotmail.com,HR,69423.75,25-07-2022,53,,,,,,,,,,,,
213,Eric,Smith,madison41@bishop.com,Operations,32640.88,08-07-2022,53,,,,,,,,,,,,
214,James,Kennedy,kimberly74@hotmail.com,Operations,85152.36,01-06-2023,53,,,,,,,,,,,,
215,Holly,Gonzalez,emilymays@gentry.com,Marketing,58883.47,13-06-2021,53,,,,,,,,,,,,
216,Matthew,Smith,xwatkins@adams-jones.com,Marketing,48011.01,18-04-2023,53,,,,,,,,,,,,
217,Jill,Mccarthy,suarezpeter@hotmail.com,Operations,70908.83,07-11-2023,53,,,,,,,,,,,,
218,Kevin,Rodriguez,amandamurray@gmail.com,IT,38281.78,17-11-2023,53,,,,,,,,,,,,
219,Rebecca,Livingston,paynedavid@yahoo.com,Operations,35347.06,02-06-2022,52,,,,,,,,,,,,
220,Katie,Goodwin,mark48@gmail.com,IT,47370.88,04-02-2021,52,,,,,,,,,,,,
221,Mary,Dean,davidberry@gmail.com,Operations,45157.82,05-06-2023,52,,,,,,,,,,,,
222,Julie,Lane,wcollier@smith.info,HR,80795.63,08-11-2023,52,,,,,,,,,,,,
223,Todd,Brown,megankelley@hotmail.com,Finance,63927.3,27-05-2024,52,,,,,,,,,,,,
224,Brett,Mcdonald,joseph90@jennings.com,Finance,54864.48,24-03-2022,52,,,,,,,,,,,,
225,Lonnie,Martin,craigjoanna@banks.com,Finance,43151.65,17-06-2022,52,,,,,,,,,,,,
226,Riley,Lambert,stephanieortiz@booth.com,HR,61863.82,10-10-2024,52,,,,,,,,,,,,
227,Marissa,Evans,ann91@gmail.com,HR,36170.45,28-10-2020,52,,,,,,,,,,,,
228,Michelle,Taylor,abbottleslie@hotmail.com,Marketing,90016.84,24-04-2022,52,,,,,,,,,,,,
229,Austin,Barry,jefferylarson@chavez.com,Marketing,83931.26,18-04-2022,52,,,,,,,,,,,,
230,James,Padilla,michael71@hotmail.com,IT,94536.32,08-03-2020,52,,,,,,,,,,,,
231,Robert,Torres,lgonzalez@gray-colon.com,IT,83708.62,22-12-2022,52,,,,,,,,,,,,
232,Ryan,Ellis,kentmichele@delgado.org,Operations,60257.36,19-10-2024,52,,,,,,,,,,,,
233,Lisa,Morgan,smithbarbara@powell.com,Operations,90939.23,22-05-2023,52,,,,,,,,,,,,
234,Jessica,Thompson,chandlerscott@hotmail.com,HR,46977.72,11-06-2024,52,,,,,,,,,,,,
235,Kristin,Meadows,adriennesharp@brown.com,IT,81983.07,27-07-2021,52,,,,,,,,,,,,
236,Mariah,Dickerson,lauracantrell@hotmail.com,Finance,76333.55,24-09-2020,52,,,,,,,,,,,,
237,Stacey,Dalton,annettenguyen@houston.com,Marketing,89916.17,24-08-2020,52,,,,,,,,,,,,
238,Tyler,Brown,coopersamantha@johnson.com,Marketing,33331.79,08-05-2020,52,,,,,,,,,,,,
239,Taylor,Byrd,ralph74@sanders.com,Operations,66327.77,05-05-2024,52,,,,,,,,,,,,
240,Patricia,Richardson,myersrebecca@downs-sharp.com,Operations,65795.11,10-12-2019,51,,,,,,,,,,,,
241,John,Clark,erodriguez@yahoo.com,Marketing,38840.16,14-01-2022,51,,,,,,,,,,,,
242,Maxwell,Goodman,santanaphyllis@greene.com,Operations,94485.99,22-11-2024,51,,,,,,,,,,,,
243,Kristopher,Wheeler,gibsonkyle@hotmail.com,HR,77972.85,21-05-2023,51,,,,,,,,,,,,
244,Justin,Lynch,oramsey@gmail.com,Finance,89298.17,02-05-2023,51,,,,,,,,,,,,
245,Caitlin,Lane,katelynthomas@farley-nichols.com,HR,39725.54,19-05-2021,51,,,,,,,,,,,,
246,Michael,Thomas,jamesguzman@lawson-anderson.com,Marketing,49598.94,16-12-2021,51,,,,,,,,,,,,
247,John,Stevens,brandonjones@yahoo.com,HR,44606.03,02-10-2021,51,,,,,,,,,,,,
248,Patrick,Suarez,rochajustin@dyer.com,Operations,59901.89,29-11-2021,51,,,,,,,,,,,,
249,Lisa,Hodges,brownjames@yahoo.com,IT,52268.68,21-04-2021,51,,,,,,,,,,,,
250,Melissa,Webster,baxterlawrence@cortez.net,HR,34912.03,01-06-2022,51,,,,,,,,,,,,
251,Brian,Wright,robert99@yahoo.com,Finance,54407.75,05-01-2020,51,,,,,,,,,,,,
252,Melissa,Becker,xmoses@sanchez-lewis.com,Operations,55648.63,05-01-2023,51,,,,,,,,,,,,
253,Casey,Cooke,ykeith@yahoo.com,IT,84506.32,24-08-2022,51,,,,,,,,,,,,
254,Colleen,Ward,brianhill@gmail.com,HR,46930.43,02-11-2021,51,,,,,,,,,,,,
255,Ashley,Williams,willielopez@yahoo.com,HR,82543.43,01-02-2020,51,,,,,,,,,,,,
256,Eric,Miller,bakerstephanie@yahoo.com,IT,84968.51,09-11-2020,51,,,,,,,,,,,,
257,Jonathon,Kelly,kingjoshua@hotmail.com,HR,65750.3,05-08-2021,51,,,,,,,,,,,,
258,Elizabeth,Gates,kking@gmail.com,Finance,38915.66,22-07-2020,51,,,,,,,,,,,,
259,Jodi,Oneill,shawraymond@adams-ochoa.com,HR,55058.86,31-12-2021,51,,,,,,,,,,,,
260,Michael,Taylor,sanderscameron@hotmail.com,HR,34314.43,19-09-2020,51,,,,,,,,,,,,
261,Alan,Diaz,patricia73@david.com,IT,49346.43,18-03-2023,51,,,,,,,,,,,,
262,Katherine,Moreno,mcclainvalerie@baker-flowers.org,Marketing,55157.9,31-01-2024,51,,,,,,,,,,,,
263,Joseph,Smith,sara54@yahoo.com,Marketing,67370.96,06-05-2021,51,,,,,,,,,,,,
264,George,Robertson,hhaney@pierce.com,Marketing,39353.21,04-10-2023,51,,,,,,,,,,,,
265,Adam,Warren,thompsonpatricia@yahoo.com,Operations,92649.15,07-01-2023,50,,,,,,,,,,,,
266,Dave,Hammond,castanedacarrie@yahoo.com,Operations,66760.48,28-03-2022,50,,,,,,,,,,,,
267,Jaclyn,Gonzalez,cjones@davis.com,IT,60457.65,07-07-2021,50,,,,,,,,,,,,
268,Tracy,Wood,nancy90@moreno.com,IT,86638.36,12-04-2020,50,,,,,,,,,,,,
269,Sharon,Sanchez,ujohnson@hotmail.com,Operations,94587.07,04-04-2024,50,,,,,,,,,,,,
270,Robert,Clark,pateldavid@butler.com,Marketing,36501.15,19-07-2024,50,,,,,,,,,,,,
271,Donna,Williamson,margaret36@hotmail.com,Operations,41766.32,30-01-2023,50,,,,,,,,,,,,
272,Tyler,Pratt,joanna54@gmail.com,Marketing,82003.27,27-08-2020,50,,,,,,,,,,,,
273,Christina,Rodriguez,ruizdonna@gmail.com,Finance,57127.82,16-04-2022,50,,,,,,,,,,,,
274,Debbie,Briggs,aprilsullivan@griffin.com,Marketing,98254.18,10-01-2024,50,,,,,,,,,,,,
275,Danielle,Washington,yavila@moreno.info,HR,50853.15,13-12-2022,50,,,,,,,,,,,,
276,Michelle,Miller,michael10@manning-dunlap.com,Finance,82903.44,06-06-2021,50,,,,,,,,,,,,
277,Jean,Calhoun,kellybrittany@wright.org,Finance,69422.3,21-03-2023,50,,,,,,,,,,,,
278,Kelly,Jensen,lynchbrandon@gmail.com,Operations,58404.76,16-07-2024,50,,,,,,,,,,,,
279,April,Larsen,michaelmoore@carter-paul.biz,Finance,58951.26,09-02-2021,50,,,,,,,,,,,,
280,Jeremy,Ibarra,douglassilva@hotmail.com,Marketing,56982.69,14-10-2020,50,,,,,,,,,,,,
281,Tammie,Klein,josephperry@gmail.com,Finance,62512.86,29-08-2021,50,,,,,,,,,,,,
282,Martin,Heath,heidi29@baker.com,IT,49368.61,10-10-2024,50,,,,,,,,,,,,
283,Kim,Hammond,melinda84@johnson.com,HR,90917.35,09-07-2024,50,,,,,,,,,,,,
284,Michele,Ellis,diana70@yahoo.com,Finance,41902.63,30-04-2021,50,,,,,,,,,,,,
285,Ashley,Barry,cbrown@yahoo.com,Marketing,47920.41,08-10-2023,50,,,,,,,,,,,,
286,Cynthia,Anderson,ukelly@gonzalez.com,HR,79942.93,15-11-2021,49,,,,,,,,,,,,
287,Mark,Brown,jamie58@hotmail.com,Operations,30811.46,25-10-2024,49,,,,,,,,,,,,
288,Erica,Caldwell,richardthomas@gmail.com,HR,75627.38,29-06-2020,49,,,,,,,,,,,,
289,Julie,Fox,noblechad@hotmail.com,HR,98667.7,16-08-2021,49,,,,,,,,,,,,
290,Thomas,Lewis,jacksontara@hotmail.com,HR,85008.82,26-08-2021,49,,,,,,,,,,,,
291,John,Fitzpatrick,ashleyjohnson@hotmail.com,HR,86338.68,09-08-2022,49,,,,,,,,,,,,
292,Cynthia,Thomas,nmelton@small-hughes.com,HR,41969.41,26-08-2023,49,,,,,,,,,,,,
293,April,Lawrence,pfarmer@tyler-hill.com,Marketing,92850.09,07-01-2023,49,,,,,,,,,,,,
294,Matthew,Guerrero,joshuatucker@zuniga.org,IT,67867.41,06-07-2024,49,,,,,,,,,,,,
295,Karen,Donaldson,louis76@padilla.com,HR,46485.81,25-11-2022,49,,,,,,,,,,,,
296,Mary,Kennedy,kelleyerik@rodriguez-romero.info,Marketing,87357.82,19-09-2020,49,,,,,,,,,,,,
297,Tonya,Olson,austinsmith@yahoo.com,Finance,71725.78,30-08-2020,49,,,,,,,,,,,,
298,Kelly,Murphy,lacey02@baker-jimenez.com,Operations,61072.6,25-10-2021,49,,,,,,,,,,,,
299,Robert,Weaver,joshua18@hotmail.com,IT,94593.15,16-08-2023,49,,,,,,,,,,,,
300,Matthew,Johnson,katie16@wood.com,Operations,62453.44,08-06-2024,49,,,,,,,,,,,,
301,Nathan,Smith,vstewart@harvey.com,Operations,70250.42,22-03-2020,49,,,,,,,,,,,,
302,Michael,Hernandez,amanda32@yahoo.com,IT,37367.21,20-11-2022,49,,,,,,,,,,,,
303,Cameron,Harrington,jmeyer@leach.com,HR,55541.89,16-04-2022,49,,,,,,,,,,,,
304,Wendy,May,stephensdavid@miller.info,IT,86333.77,14-06-2021,48,,,,,,,,,,,,
305,Joseph,Watson,grimeskimberly@salazar.info,Operations,99160.74,27-06-2022,48,,,,,,,,,,,,
306,Scott,Deleon,colegrant@pace.org,Operations,43522.3,03-06-2023,48,,,,,,,,,,,,
307,Amanda,Parker,barrettjeanette@hotmail.com,HR,30501.85,09-12-2023,48,,,,,,,,,,,,
308,Donna,Good,valerie25@jones-drake.com,Marketing,51977.48,25-09-2020,48,,,,,,,,,,,,
309,Blake,Farmer,prosales@hotmail.com,IT,66745.29,01-04-2023,48,,,,,,,,,,,,
310,Mary,Hurst,whitenoah@yahoo.com,Operations,59485.71,05-01-2024,48,,,,,,,,,,,,
311,Paul,Jackson,williamsriley@allison.com,Finance,92567.85,15-06-2024,48,,,,,,,,,,,,
312,Judy,Paul,joseph03@yahoo.com,IT,76786.67,13-08-2023,48,,,,,,,,,,,,
313,Paul,Johnston,zachary08@gmail.com,Finance,92469.09,08-08-2024,48,,,,,,,,,,,,
314,Ashley,Bryant,qberry@yahoo.com,Operations,42153.86,03-05-2022,48,,,,,,,,,,,,
315,Heather,Lane,mcdonaldelizabeth@hotmail.com,Marketing,82759.74,01-06-2023,48,,,,,,,,,,,,
316,Kimberly,Rodriguez,jonathansexton@gmail.com,Finance,45284.74,25-08-2023,48,,,,,,,,,,,,
317,Cody,Carter,karanorris@hotmail.com,Finance,69323.64,15-07-2022,48,,,,,,,,,,,,
318,Gabriella,Ramos,timothy93@yahoo.com,HR,88850.2,15-09-2020,48,,,,,,,,,,,,
319,Frank,Waters,russellwilliam@yahoo.com,Finance,68040.43,26-08-2022,48,,,,,,,,,,,,
320,Christopher,West,crystal89@bennett-fitzgerald.com,Marketing,58670.96,27-01-2022,48,,,,,,,,,,,,
321,Carly,Smith,xjohnson@campbell.org,HR,43724.71,05-04-2020,48,,,,,,,,,,,,
322,Kristina,Stokes,spearslori@yahoo.com,Finance,41053.55,01-07-2022,48,,,,,,,,,,,,
323,Ricky,Gross,morgannancy@hotmail.com,Marketing,51508.56,06-10-2024,48,,,,,,,,,,,,
324,Vanessa,Jackson,qhood@yahoo.com,HR,69330.56,09-05-2022,48,,,,,,,,,,,,
325,Robert,Cain,teresapoole@hotmail.com,Operations,41329.44,22-03-2020,48,,,,,,,,,,,,
326,Kelly,Peck,kyle09@hotmail.com,Operations,93076.69,16-11-2024,48,,,,,,,,,,,,
327,Andrew,Joseph,williamsoncharles@rodgers.com,Marketing,45714.45,23-03-2021,48,,,,,,,,,,,,
328,Eric,Wallace,dylanshannon@miller.info,HR,69255.21,01-02-2024,47,,,,,,,,,,,,
329,Donna,Allen,edwardsjoanna@smith-fleming.com,Finance,92277.56,08-03-2021,47,,,,,,,,,,,,
330,Melissa,Robertson,michaelfreeman@hotmail.com,HR,67912.18,24-09-2024,47,,,,,,,,,,,,
331,Michelle,Lamb,bennettwilliam@smith.biz,HR,33319.16,08-10-2021,47,,,,,,,,,,,,
332,Donna,Hernandez,mherrera@gmail.com,IT,80185.43,24-02-2020,47,,,,,,,,,,,,
333,Luis,Simpson,csalazar@gmail.com,Marketing,90491.25,17-12-2021,47,,,,,,,,,,,,
334,Joseph,Lopez,justin96@gmail.com,HR,88812.05,14-02-2024,47,,,,,,,,,,,,
335,Mark,Hernandez,nicholsonkrista@gmail.com,Operations,64112.84,11-03-2021,47,,,,,,,,,,,,
336,Ronald,Allen,tinabarnes@long-young.com,Operations,89925.39,16-06-2021,47,,,,,,,,,,,,
337,Michael,Vazquez,ilamb@gmail.com,Operations,42863.31,06-09-2020,47,,,,,,,,,,,,
338,Autumn,Sparks,keithstout@jones-brown.biz,IT,56595.67,24-08-2022,47,,,,,,,,,,,,
339,Cassandra,Baxter,btucker@booth-franklin.com,Operations,66981.66,02-05-2021,47,,,,,,,,,,,,
340,Clifford,Wells,melissa54@sweeney-malone.biz,HR,74324.3,28-02-2023,47,,,,,,,,,,,,
341,Tammy,Erickson,ncase@hotmail.com,Operations,68097.43,01-07-2024,47,,,,,,,,,,,,
342,Michelle,Ewing,robertthomas@parker.biz,HR,52299.65,15-10-2023,47,,,,,,,,,,,,
343,Katherine,Ortiz,thomashill@hamilton.com,IT,56223.11,29-12-2022,47,,,,,,,,,,,,
344,Carlos,Montgomery,meganbarber@meyer.com,Marketing,39675.15,19-05-2022,47,,,,,,,,,,,,
345,Alice,Waller,carriefletcher@gmail.com,HR,62539.1,10-09-2022,47,,,,,,,,,,,,
346,Lori,Mcclure,wanda90@gmail.com,Marketing,93482.76,01-08-2024,47,,,,,,,,,,,,
347,Patrick,Miller,mcphersonlinda@adams.com,Finance,69154.14,14-06-2020,47,,,,,,,,,,,,
348,Joshua,Kelley,ypaul@hotmail.com,HR,56431.43,11-04-2021,47,,,,,,,,,,,,
349,Bruce,Smith,gdean@hotmail.com,Marketing,36226.94,10-12-2019,47,,,,,,,,,,,,
350,Jason,Boone,daniellewright@gmail.com,IT,98618.71,29-06-2024,47,,,,,,,,,,,,
351,Sarah,Miller,qhayes@smith-foster.com,HR,71823.84,30-12-2023,47,,,,,,,,,,,,
352,Juan,Sawyer,gmoore@gmail.com,Marketing,56350.59,31-03-2021,47,,,,,,,,,,,,
353,Sheri,Weber,taylorheather@yahoo.com,IT,66018.44,26-10-2024,47,,,,,,,,,,,,
354,Cathy,Rivera,kristi83@wilkins.com,HR,60697.68,20-07-2022,47,,,,,,,,,,,,
355,Daniel,Gonzalez,mstein@thompson.org,Operations,92251.56,03-01-2020,47,,,,,,,,,,,,
356,Cynthia,Sexton,nicolehays@yahoo.com,HR,33170.78,29-11-2020,46,,,,,,,,,,,,
357,John,Deleon,pmccarthy@hernandez-burnett.net,HR,64204.86,05-04-2023,46,,,,,,,,,,,,
358,Darlene,Moore,paulanderson@gmail.com,Marketing,82538.95,26-08-2023,46,,,,,,,,,,,,
359,Linda,Rivera,fmoore@hotmail.com,Operations,82788.39,12-06-2020,46,,,,,,,,,,,,
360,Roberto,Villarreal,joseph95@johnson.biz,IT,36628.35,24-01-2021,46,,,,,,,,,,,,
361,John,Mason,whitneyfitzgerald@gmail.com,IT,71581.02,28-07-2021,46,,,,,,,,,,,,
362,Brittany,Suarez,karen35@simon.com,Operations,83211.96,17-08-2023,46,,,,,,,,,,,,
363,Jocelyn,Brown,amanda24@yahoo.com,Finance,37932.82,15-03-2020,46,,,,,,,,,,,,
364,Sheri,Myers,sduncan@gmail.com,IT,91853.56,25-11-2021,46,,,,,,,,,,,,
365,Nicole,Morales,tina24@gmail.com,Operations,76567.72,02-10-2023,46,,,,,,,,,,,,
366,Kimberly,Herring,jasminephillips@king.com,Operations,76372.96,01-09-2023,46,,,,,,,,,,,,
367,Kayla,Meyer,randy19@aguilar-turner.net,Finance,50236.92,22-12-2022,46,,,,,,,,,,,,
368,Jennifer,Wilson,salinastodd@bowers-daniel.net,Operations,74424.26,01-11-2023,46,,,,,,,,,,,,
369,James,Mcbride,burkebrooke@hotmail.com,Marketing,88508.89,27-02-2024,46,,,,,,,,,,,,
370,Angela,Johnson,brenda59@murphy.org,Marketing,90341.03,25-04-2023,46,,,,,,,,,,,,
371,Angel,Porter,fbenson@medina.com,HR,96593.95,27-02-2021,46,,,,,,,,,,,,
372,Sabrina,Hendricks,williamsmarc@miller-best.org,Finance,73909.43,07-10-2021,46,,,,,,,,,,,,
373,Robert,Cruz,dominique16@scott-martinez.com,Finance,48129.81,04-07-2021,46,,,,,,,,,,,,
374,Chad,Martin,haley76@white.com,Operations,35613.26,31-03-2023,46,,,,,,,,,,,,
375,Michael,Miller,kathleen89@vaughn-frederick.biz,Marketing,70228.87,15-05-2023,46,,,,,,,,,,,,
376,Kenneth,James,warnerjamie@gmail.com,Finance,69447.77,15-01-2021,46,,,,,,,,,,,,
377,Elizabeth,Torres,derektucker@kemp.com,IT,86194.62,24-08-2024,46,,,,,,,,,,,,
378,Lauren,Koch,ramoslisa@hernandez-thomas.info,Marketing,90433.67,27-11-2022,46,,,,,,,,,,,,
379,Brian,Thomas,shawn76@sosa.com,IT,89838.52,27-10-2022,46,,,,,,,,,,,,
380,Gina,Guzman,jgalvan@yahoo.com,HR,90868.84,14-01-2023,46,,,,,,,,,,,,
381,Melvin,Wallace,victoria11@wood.com,Operations,65710.06,06-08-2021,46,,,,,,,,,,,,
382,Steven,Hunt,erogers@anderson-yang.com,Operations,61441.19,14-06-2021,46,,,,,,,,,,,,
383,Amanda,Robinson,briannajames@yahoo.com,HR,84871.21,09-12-2020,46,,,,,,,,,,,,
384,David,Nelson,laurahernandez@gallagher.com,Finance,70172.76,14-10-2020,46,,,,,,,,,,,,
385,Christopher,Miller,samuel35@gmail.com,IT,44018.89,24-03-2023,46,,,,,,,,,,,,
386,Ashley,Peterson,yerickson@guerrero.com,IT,30102.76,18-10-2022,46,,,,,,,,,,,,
387,Billy,Gibson,daguilar@gmail.com,IT,35288.85,16-04-2023,45,,,,,,,,,,,,
388,Megan,Dunn,thomaswest@yahoo.com,Finance,82434.32,27-10-2021,45,,,,,,,,,,,,
389,Ryan,Sellers,jzimmerman@white.com,Finance,82652.69,02-10-2020,45,,,,,,,,,,,,
390,Anna,Khan,sanderson@gmail.com,HR,51371.36,08-05-2024,45,,,,,,,,,,,,
391,Leslie,Gonzalez,thoward@harvey.com,Marketing,83864.73,28-07-2024,45,,,,,,,,,,,,
392,Thomas,Harris,tonya38@patterson-thompson.com,IT,38518.89,01-10-2024,45,,,,,,,,,,,,
393,Samantha,Potter,jonathan76@yahoo.com,IT,49388.56,15-06-2021,45,,,,,,,,,,,,
394,Penny,Ingram,salinassara@yahoo.com,HR,96482,12-12-2020,45,,,,,,,,,,,,
395,Zachary,Snow,christinefowler@gmail.com,Operations,91679.45,26-05-2023,45,,,,,,,,,,,,
396,Anna,Huang,hernandezbobby@fleming.com,Marketing,46762.12,07-01-2020,45,,,,,,,,,,,,
397,Stephen,Smith,rodriguezamanda@gmail.com,IT,52391.58,27-11-2020,45,,,,,,,,,,,,
398,Holly,Nelson,brendakennedy@turner-zimmerman.info,Marketing,89488.25,20-10-2021,45,,,,,,,,,,,,
399,Karen,Campbell,tamara74@hotmail.com,IT,91227.56,24-12-2022,45,,,,,,,,,,,,
400,Christina,Edwards,dannyramirez@yahoo.com,Marketing,97886.57,24-03-2023,45,,,,,,,,,,,,
401,Jeffrey,Robertson,andrewsjeffrey@mitchell.net,Operations,34103.02,22-01-2024,45,,,,,,,,,,,,
402,Jill,Daniel,kevin13@hotmail.com,IT,71817.32,20-06-2020,45,,,,,,,,,,,,
403,Brianna,Morgan,pkelly@sanders-anderson.org,Operations,32507.18,06-08-2023,45,,,,,,,,,,,,
404,Pamela,Johnson,molinaheather@potter.com,Marketing,89159.6,11-11-2021,45,,,,,,,,,,,,
405,Melissa,Frazier,morgansims@bruce.info,HR,34023.42,30-09-2023,44,,,,,,,,,,,,
406,Megan,Gomez,johnhurley@hotmail.com,Operations,91382.24,21-12-2020,44,,,,,,,,,,,,
407,Ruben,Gregory,dunnchristina@jones.net,Finance,98529.36,15-08-2023,44,,,,,,,,,,,,
408,Melinda,Smith,austinpatton@gmail.com,IT,31775.92,24-08-2021,44,,,,,,,,,,,,
409,Ryan,Johnson,sarah98@hotmail.com,Operations,53167.7,24-06-2020,44,,,,,,,,,,,,
410,Yvonne,Nelson,beckjustin@garza.net,IT,61106.99,04-09-2024,44,,,,,,,,,,,,
411,Joshua,Aguilar,hendersonkelly@gardner.com,Finance,90940.26,26-07-2021,44,,,,,,,,,,,,
412,James,Martinez,solisstacey@martin.biz,Operations,91281.87,19-05-2023,44,,,,,,,,,,,,
413,Dennis,Bryant,dunnsteve@marshall.net,Operations,40270.25,22-03-2021,44,,,,,,,,,,,,
414,Steven,French,geraldnelson@gmail.com,HR,41675.08,28-03-2021,44,,,,,,,,,,,,
415,Felicia,Smith,devin68@yahoo.com,Operations,57224.92,14-01-2020,44,,,,,,,,,,,,
416,Patricia,Hamilton,robertthompson@yahoo.com,Operations,67486.74,11-09-2021,44,,,,,,,,,,,,
417,Meghan,Buck,christopher66@hotmail.com,Finance,87892.03,15-11-2023,44,,,,,,,,,,,,
418,Julie,Bush,mackvictoria@yahoo.com,Operations,50243.39,06-04-2023,44,,,,,,,,,,,,
419,Heather,Miller,rbrown@yahoo.com,Marketing,54067.42,15-09-2020,44,,,,,,,,,,,,
420,Rhonda,Pierce,swillis@gmail.com,Finance,53518.38,05-06-2024,44,,,,,,,,,,,,
421,Amanda,Austin,christopher43@yahoo.com,IT,84262.43,06-10-2021,44,,,,,,,,,,,,
422,Michelle,Hill,yharvey@fitzgerald.org,Finance,79789.52,19-11-2022,44,,,,,,,,,,,,
423,Gerald,Wright,acollins@hotmail.com,Marketing,46567.55,04-09-2020,44,,,,,,,,,,,,
424,Thomas,Thompson,townsendmelissa@hotmail.com,Finance,88557.39,03-02-2022,44,,,,,,,,,,,,
425,Bryan,Maddox,paul45@walton.com,Finance,53130.48,22-07-2021,44,,,,,,,,,,,,
426,John,Figueroa,kyle73@ortiz.org,HR,95976.17,14-10-2024,44,,,,,,,,,,,,
427,Lisa,Diaz,beltranstephen@hotmail.com,IT,87108.54,15-09-2023,43,,,,,,,,,,,,
428,Andrea,Warren,nicholascarter@sherman.com,Finance,52099.23,16-07-2024,43,,,,,,,,,,,,
429,Justin,King,upeterson@hotmail.com,Marketing,47529.6,11-10-2024,43,,,,,,,,,,,,
430,Emma,Thomas,kenneth85@hotmail.com,Operations,60215.98,22-09-2020,43,,,,,,,,,,,,
431,Mary,Alexander,huntnoah@wilson.com,Finance,43114.04,15-08-2022,43,,,,,,,,,,,,
432,Richard,Williams,leonjohnson@gmail.com,Finance,32705.12,07-04-2021,43,,,,,,,,,,,,
433,David,Lynch,juliecollins@gmail.com,Marketing,64280.09,21-01-2022,43,,,,,,,,,,,,
434,Erica,Smith,lopezcollin@maxwell.com,Operations,87877.83,10-02-2022,43,,,,,,,,,,,,
435,Raymond,Estrada,wolfmolly@gmail.com,Finance,52997.19,09-02-2020,43,,,,,,,,,,,,
436,Dustin,Nielsen,robert81@hotmail.com,IT,60875.98,06-04-2021,43,,,,,,,,,,,,
437,Faith,Green,ramseykristen@williams-smith.com,IT,99494.27,03-01-2021,43,,,,,,,,,,,,
438,Jonathan,Bailey,lauraallen@knapp.net,IT,63530.76,21-10-2024,43,,,,,,,,,,,,
439,Dustin,Mitchell,kelly51@reyes.com,Operations,36881.34,25-10-2022,43,,,,,,,,,,,,
440,Donald,Smith,xsummers@olson-morris.com,IT,92148.35,11-11-2024,43,,,,,,,,,,,,
441,Julie,Hernandez,stephensnathan@yahoo.com,IT,66634.67,30-08-2020,43,,,,,,,,,,,,
442,Donald,Becker,richard74@arellano.org,Finance,50391.45,26-02-2020,43,,,,,,,,,,,,
443,Lindsey,Nelson,morrowwilliam@yahoo.com,Operations,74828.45,11-11-2021,43,,,,,,,,,,,,
444,Abigail,Oconnell,erios@gmail.com,IT,46059.59,16-12-2019,43,,,,,,,,,,,,
445,Christian,Morris,hannahdavila@hotmail.com,Finance,62664.51,18-08-2020,43,,,,,,,,,,,,
446,Mitchell,Murphy,tjackson@barrett.com,Finance,85482.29,16-01-2020,43,,,,,,,,,,,,
447,Daniel,Larsen,frazierronald@schneider.com,Finance,47067.39,02-02-2021,43,,,,,,,,,,,,
448,Nancy,Wagner,kvargas@sexton.info,Operations,51024.97,12-06-2024,43,,,,,,,,,,,,
449,Marc,Johnson,yshelton@gmail.com,IT,52500.65,27-06-2022,42,,,,,,,,,,,,
450,Julie,Lopez,carolwright@hotmail.com,IT,96601.8,08-12-2020,42,,,,,,,,,,,,
451,Keith,Alvarez,hendersonstephen@kennedy-hawkins.net,IT,68488.18,18-02-2022,42,,,,,,,,,,,,
452,Becky,Hunter,nelsonjulia@yahoo.com,Marketing,56462.94,16-04-2024,42,,,,,,,,,,,,
453,Tanya,Pope,nathanhoward@gmail.com,Finance,95030.98,06-03-2021,42,,,,,,,,,,,,
454,April,Tran,ibutler@schwartz.com,Marketing,91639.47,05-09-2023,42,,,,,,,,,,,,
455,Ryan,Welch,qpitts@yahoo.com,HR,73774.53,23-04-2024,42,,,,,,,,,,,,
456,Derek,Perez,mccormicktaylor@hotmail.com,HR,41852.2,09-07-2021,42,,,,,,,,,,,,
457,Lisa,Green,connorburke@wilson.com,IT,67750.29,17-10-2020,42,,,,,,,,,,,,
458,Laurie,Richard,sean23@thomas-martinez.com,Finance,88912.33,19-10-2020,42,,,,,,,,,,,,
459,Bruce,Harris,yking@hotmail.com,IT,51769.13,09-03-2020,42,,,,,,,,,,,,
460,Joseph,Chavez,deborah63@garner.com,Finance,75081.25,07-01-2021,42,,,,,,,,,,,,
461,Donna,Murphy,carlos64@gmail.com,Finance,36696.71,08-10-2024,42,,,,,,,,,,,,
462,Steven,Perry,jenniferfoley@gmail.com,HR,72323.29,14-04-2021,42,,,,,,,,,,,,
463,Timothy,Gardner,sanchezjesse@cohen.com,Finance,77497.58,13-12-2020,42,,,,,,,,,,,,
464,Shaun,Garcia,ostanton@taylor.com,IT,41268.71,19-08-2022,42,,,,,,,,,,,,
465,Adam,Herrera,jenniferjohnson@gmail.com,IT,77124.97,23-02-2024,42,,,,,,,,,,,,
466,Tonya,Hill,cookscott@yahoo.com,Operations,48064.66,21-12-2020,42,,,,,,,,,,,,
467,Jennifer,Shaw,john62@gmail.com,Operations,84027.62,21-06-2020,42,,,,,,,,,,,,
468,Robert,Payne,washingtonrobert@gamble-acosta.org,IT,69811.18,20-05-2023,42,,,,,,,,,,,,
469,Amy,Ramirez,clarkcrystal@guerrero.com,Operations,76922.5,27-06-2020,42,,,,,,,,,,,,
470,Jillian,Brown,megangarcia@hotmail.com,Operations,62012.52,04-08-2023,42,,,,,,,,,,,,
471,Christopher,Baker,dana24@yahoo.com,Finance,35086.94,15-02-2021,42,,,,,,,,,,,,
472,Rachel,Ray,lori33@summers.com,HR,51650.95,15-02-2022,42,,,,,,,,,,,,
473,Krystal,Fisher,brittany35@martinez.info,Finance,65847.29,29-09-2021,42,,,,,,,,,,,,
474,Sarah,Moses,becky47@marshall.com,IT,64688.27,18-12-2023,42,,,,,,,,,,,,
475,Juan,Diaz,schmidttimothy@gmail.com,Operations,68121.69,29-09-2022,42,,,,,,,,,,,,
476,Melissa,Copeland,todd60@davis.com,IT,85179.69,13-02-2024,42,,,,,,,,,,,,
477,Megan,Garcia,jennifer45@yahoo.com,Finance,87082.57,04-03-2020,41,,,,,,,,,,,,
478,Jessica,Sparks,eguzman@anderson.com,Marketing,81181.01,15-10-2022,41,,,,,,,,,,,,
479,Kimberly,Williams,lhunt@cervantes.com,HR,99774.95,23-01-2024,41,,,,,,,,,,,,
480,John,Morris,hernandezjohn@yahoo.com,IT,38112.58,26-10-2024,41,,,,,,,,,,,,
481,Jamie,Kelly,robinsonjonathan@randolph.org,HR,57830.85,05-01-2024,41,,,,,,,,,,,,
482,David,Owens,hornlauren@simpson.com,Operations,91946.47,15-10-2023,41,,,,,,,,,,,,
483,Megan,Long,eric98@hernandez-walters.com,Operations,70813.55,21-09-2022,41,,,,,,,,,,,,
484,Jack,Valencia,jacksonjoshua@hotmail.com,HR,73865.98,08-07-2021,41,,,,,,,,,,,,
485,Michael,Mcdaniel,sparksnichole@yahoo.com,Operations,99530.75,21-11-2021,41,,,,,,,,,,,,
486,Maria,Barker,thomasyu@brooks.com,HR,81398.29,18-09-2024,41,,,,,,,,,,,,
487,Evelyn,Wright,millermichael@yahoo.com,Marketing,85107.82,13-08-2023,41,,,,,,,,,,,,
488,Derek,Hughes,htorres@hotmail.com,IT,90247.4,25-02-2021,41,,,,,,,,,,,,
489,Angelica,Ward,hailey50@page.com,IT,47227.88,07-10-2021,41,,,,,,,,,,,,
490,Victoria,Porter,mikeblackburn@soto.com,IT,86330.52,31-07-2022,41,,,,,,,,,,,,
491,Gerald,Day,ashley81@gomez-payne.com,IT,98663.22,28-04-2020,41,,,,,,,,,,,,
492,Elijah,Best,martinezchristina@hotmail.com,Marketing,88831.19,27-07-2024,41,,,,,,,,,,,,
493,Joseph,Ibarra,charles51@gmail.com,Marketing,99953.4,19-07-2023,41,,,,,,,,,,,,
494,Gregory,Mason,howardandrew@yahoo.com,Finance,31196.33,04-01-2024,41,,,,,,,,,,,,
495,Tyler,Robertson,wmorton@smith.com,IT,66930.61,20-05-2021,41,,,,,,,,,,,,
496,Samantha,Bailey,jose00@hotmail.com,HR,51283.71,15-10-2021,41,,,,,,,,,,,,
497,Paige,Castillo,kristen69@hotmail.com,IT,84268.93,25-04-2024,41,,,,,,,,,,,,
498,Amanda,Powers,elizabethalvarez@yahoo.com,IT,70047.52,25-02-2024,41,,,,,,,,,,,,
499,Sonya,Wilson,jillhunter@hansen-nelson.biz,Marketing,30145.3,11-01-2020,41,,,,,,,,,,,,
500,Catherine,Park,kevinbridges@choi.com,HR,52951.79,11-03-2022,41,,,,,,,,,,,,
501,Catherine,Martinez,bball@hotmail.com,Finance,68442.71,16-08-2024,41,,,,,,,,,,,,
502,Lawrence,Preston,staceyleon@hotmail.com,HR,84044.46,09-09-2024,41,,,,,,,,,,,,
503,Tara,Robinson,bushwilliam@gmail.com,HR,30792.28,10-03-2020,41,,,,,,,,,,,,
504,Carol,Hernandez,rwiley@roberts-holmes.org,IT,70033.34,10-03-2020,41,,,,,,,,,,,,
505,Jasmine,Bishop,jeremy41@kline.com,Operations,74589.67,08-02-2022,41,,,,,,,,,,,,
506,Anna,Wells,qnicholson@collier.com,IT,46957.97,08-07-2022,41,,,,,,,,,,,,
507,Jennifer,Spears,wjohnson@hotmail.com,IT,46705.82,09-05-2022,41,,,,,,,,,,,,
508,Billy,Baxter,austinmiller@durham-thomas.com,Operations,45086.68,03-09-2021,40,,,,,,,,,,,,
509,Sara,Thomas,jamesjenkins@yahoo.com,Marketing,45060.57,13-01-2024,40,,,,,,,,,,,,
510,Stephanie,Baxter,nsmith@hardy.com,Operations,37941.67,22-02-2022,40,,,,,,,,,,,,
511,Kristina,Mckinney,cgill@kerr.com,HR,44169.9,15-10-2022,40,,,,,,,,,,,,
512,Hannah,Martin,qdavis@hotmail.com,Marketing,63376.81,16-04-2021,40,,,,,,,,,,,,
513,Rebecca,Osborne,amywilliams@yahoo.com,HR,86670.89,12-06-2022,40,,,,,,,,,,,,
514,George,Cruz,danielhunt@gmail.com,Marketing,82612.73,03-09-2020,40,,,,,,,,,,,,
515,Christine,Alvarez,daniel88@gmail.com,Operations,65622.5,23-03-2023,40,,,,,,,,,,,,
516,Heather,Mills,spencer82@hotmail.com,Finance,84551.53,03-12-2020,40,,,,,,,,,,,,
517,Angela,Gibson,hsalas@yahoo.com,HR,89505.61,01-02-2021,40,,,,,,,,,,,,
518,Laurie,Gallegos,connormoreno@riley.info,IT,39792.4,24-02-2020,40,,,,,,,,,,,,
519,Lisa,Cantu,anthony00@gmail.com,Operations,45061.68,02-08-2023,40,,,,,,,,,,,,
520,Debra,Reilly,danny92@hotmail.com,Marketing,70260.17,16-07-2022,40,,,,,,,,,,,,
521,Brian,Strickland,ochoataylor@gmail.com,IT,83685.71,17-06-2020,40,,,,,,,,,,,,
522,Heather,Hatfield,lisaguerrero@hatfield.com,Marketing,62944.35,28-07-2023,40,,,,,,,,,,,,
523,Brian,Taylor,qsnyder@yahoo.com,HR,95721.03,07-06-2023,40,,,,,,,,,,,,
524,Sheena,Wright,gsims@osborne.com,Finance,30338.25,04-10-2023,40,,,,,,,,,,,,
525,Reginald,Edwards,ericmatthews@johnson-page.org,Operations,58072.08,09-04-2022,40,,,,,,,,,,,,
526,George,Harrington,alejandroperez@hotmail.com,Operations,37468.33,25-08-2021,40,,,,,,,,,,,,
527,Dustin,Bright,mercadorandy@hotmail.com,Marketing,38236.79,12-06-2024,40,,,,,,,,,,,,
528,Derek,Mcdaniel,alexafitzgerald@yahoo.com,Finance,53428.77,17-04-2022,39,,,,,,,,,,,,
529,Danny,Beck,oreyes@harris.com,Marketing,96881.22,18-05-2023,39,,,,,,,,,,,,
530,Kevin,Smith,bushheather@simmons.com,Operations,76204.5,02-09-2023,39,,,,,,,,,,,,
531,David,Washington,laura02@gmail.com,IT,96016.86,29-08-2021,39,,,,,,,,,,,,
532,Courtney,Lawson,blakemoore@gmail.com,Finance,80647.04,07-12-2019,39,,,,,,,,,,,,
533,Aaron,Kelly,heberteric@gmail.com,IT,65332.97,12-11-2024,39,,,,,,,,,,,,
534,Jacob,Lewis,kathrynsnyder@watson.com,Finance,30214.96,09-01-2023,39,,,,,,,,,,,,
535,Gina,Walton,vclark@gmail.com,IT,91418.92,06-07-2021,39,,,,,,,,,,,,
536,James,Griffin,johnsoncolin@hotmail.com,Finance,65101.12,09-05-2022,39,,,,,,,,,,,,
537,John,Palmer,danielgraham@yahoo.com,IT,98697.55,24-05-2020,39,,,,,,,,,,,,
538,Teresa,Lee,mitchell01@yahoo.com,Finance,99901.22,24-06-2024,39,,,,,,,,,,,,
539,Kenneth,Johnson,qjohnson@gmail.com,HR,56104.19,30-08-2023,39,,,,,,,,,,,,
540,Heather,Allen,joshuajackson@sexton.com,Operations,73967.56,17-04-2024,39,,,,,,,,,,,,
541,Molly,Wagner,scarney@hotmail.com,Marketing,55119.72,26-01-2020,39,,,,,,,,,,,,
542,Isabella,Rogers,cmcgee@cooper.biz,Marketing,35914.46,25-12-2019,39,,,,,,,,,,,,
543,Alex,Harris,michaelgonzalez@yahoo.com,IT,48140.31,06-10-2022,39,,,,,,,,,,,,
544,Joshua,Henderson,ernest95@gmail.com,Marketing,89917.06,09-06-2021,39,,,,,,,,,,,,
545,Melody,Brown,milesthomas@young-phillips.biz,Marketing,58562.86,18-12-2023,39,,,,,,,,,,,,
546,Luis,Turner,adrian16@gmail.com,Operations,62586.18,05-05-2024,39,,,,,,,,,,,,
547,Crystal,Rodriguez,katherinerivers@phillips.com,Marketing,65073.84,20-01-2024,39,,,,,,,,,,,,
548,Hunter,Jacobs,timothy67@yahoo.com,Marketing,50996.83,01-10-2021,39,,,,,,,,,,,,
549,Lisa,Riddle,christopher13@hotmail.com,Operations,63688.29,06-09-2024,39,,,,,,,,,,,,
550,Christine,Murphy,greenfrank@jackson.info,Finance,74669.79,31-03-2021,39,,,,,,,,,,,,
551,Courtney,White,floresjonathan@yahoo.com,HR,65017.28,10-09-2020,39,,,,,,,,,,,,
552,Christine,Brown,jeffreyconrad@gilbert.info,HR,75378.68,15-07-2021,39,,,,,,,,,,,,
553,Sandra,Jackson,nelsonronald@bell.net,Marketing,34414.64,04-10-2021,39,,,,,,,,,,,,
554,Mary,Roberts,dana31@freeman-wilson.biz,IT,77312.7,21-05-2020,39,,,,,,,,,,,,
555,Sharon,Flores,aaronmeza@gmail.com,IT,78550.15,17-11-2023,39,,,,,,,,,,,,
556,Elijah,Logan,james68@yahoo.com,Finance,90439.19,15-07-2024,39,,,,,,,,,,,,
557,Jessica,Lucas,cynthia98@gmail.com,Marketing,34301.96,08-11-2024,39,,,,,,,,,,,,
558,Tina,Carroll,pfrazier@stewart.net,Marketing,55741.23,10-05-2024,39,,,,,,,,,,,,
559,Kelli,Rivera,zoe79@hotmail.com,Marketing,58286.42,11-01-2021,38,,,,,,,,,,,,
560,Larry,Fry,seanmcdonald@alexander-moss.info,Operations,74237.32,22-09-2022,38,,,,,,,,,,,,
561,Jason,Green,sholloway@hotmail.com,IT,47370.04,20-10-2022,38,,,,,,,,,,,,
562,Terri,Snyder,johnsonmary@yahoo.com,HR,62258.56,22-02-2024,38,,,,,,,,,,,,
563,Michelle,Burton,isabella11@gmail.com,IT,48654.97,25-09-2022,38,,,,,,,,,,,,
564,Colton,Jones,stephenwright@hamilton.net,Marketing,71534.86,09-11-2021,38,,,,,,,,,,,,
565,Sheila,Hood,jeffery76@clarke.org,Marketing,80821.37,15-01-2024,38,,,,,,,,,,,,
566,Jesus,Fletcher,carlsonanthony@dean.org,Finance,39367.09,19-06-2021,38,,,,,,,,,,,,
567,Adam,Kirby,zgarza@yahoo.com,Operations,59382.16,24-12-2021,38,,,,,,,,,,,,
568,Kyle,Martin,christopherscott@thomas.com,HR,74321,08-11-2021,38,,,,,,,,,,,,
569,Maureen,Travis,cynthiawang@hotmail.com,HR,62790.59,24-05-2023,38,,,,,,,,,,,,
570,Mackenzie,Patel,keith00@elliott.biz,Marketing,84535.01,09-11-2024,38,,,,,,,,,,,,
571,John,Sims,alexisgarza@gmail.com,Operations,58879.99,10-11-2021,38,,,,,,,,,,,,
572,Taylor,Singh,ybruce@brown.com,Finance,74306.94,04-07-2024,38,,,,,,,,,,,,
573,Jacqueline,Ferguson,vickiellison@johnson.com,HR,31534.88,04-06-2020,38,,,,,,,,,,,,
574,Erin,Glass,matthewchavez@yahoo.com,Operations,69641.4,27-06-2020,38,,,,,,,,,,,,
575,Brooke,Taylor,thomas05@smith-stewart.com,Operations,50789.06,12-02-2020,38,,,,,,,,,,,,
576,Joshua,Jenkins,gillcandace@page.com,Finance,83882.18,28-02-2021,38,,,,,,,,,,,,
577,Dennis,Olsen,andersondiana@cardenas.com,HR,47496.19,17-12-2020,38,,,,,,,,,,,,
578,Charles,Shepard,cdrake@schneider.com,Finance,99176.2,07-06-2022,38,,,,,,,,,,,,
579,Kristen,Allen,cjackson@gmail.com,Operations,79083.68,02-04-2024,38,,,,,,,,,,,,
580,Emily,Morris,beth22@jackson-bell.com,Marketing,89566.33,12-04-2023,38,,,,,,,,,,,,
581,Heather,Roberts,jonathanwilliams@hotmail.com,Finance,67202.96,04-06-2024,38,,,,,,,,,,,,
582,Tyler,Scott,qkennedy@stewart.net,IT,77705.97,28-04-2022,38,,,,,,,,,,,,
583,Allen,Fowler,kimberlyjones@johnson-alvarado.com,Operations,42055.46,20-05-2024,38,,,,,,,,,,,,
584,Diane,Grant,chavezrachel@bell-evans.info,Marketing,81973.09,21-11-2022,38,,,,,,,,,,,,
585,Patrick,Parks,joshualang@murray.info,Finance,99113.63,03-09-2024,38,,,,,,,,,,,,
586,Jessica,Brewer,rosaleslisa@gmail.com,Operations,66854.89,01-02-2024,38,,,,,,,,,,,,
587,Juan,Cunningham,frymichelle@gmail.com,HR,46501.32,14-08-2021,38,,,,,,,,,,,,
588,Kayla,Ferrell,susan39@yahoo.com,Finance,55658.83,14-10-2022,38,,,,,,,,,,,,
589,Lindsey,Meza,joneskeith@palmer-austin.com,IT,54482.46,22-05-2020,38,,,,,,,,,,,,
590,Robert,Garcia,chloeolson@walker-fox.com,Finance,74270.65,20-11-2023,38,,,,,,,,,,,,
591,Lauren,Massey,wujames@fritz-baker.com,Operations,73844.21,08-05-2023,38,,,,,,,,,,,,
592,Karen,Reyes,timothywright@yahoo.com,HR,49640.03,10-02-2022,37,,,,,,,,,,,,
593,Norma,Harris,philip44@wilson.net,IT,76404.92,12-11-2021,37,,,,,,,,,,,,
594,Michele,Estes,mckenziejohn@gmail.com,Marketing,39327.27,14-05-2021,37,,,,,,,,,,,,
595,Aaron,Ortiz,josehatfield@hotmail.com,IT,82902.59,03-08-2022,37,,,,,,,,,,,,
596,Tom,Price,walshlisa@adkins-cox.info,HR,72849.22,20-02-2021,37,,,,,,,,,,,,
597,Monica,West,stoutmolly@gmail.com,HR,46845.21,24-11-2024,37,,,,,,,,,,,,
598,Jenna,Rice,hancockfrank@hughes-hill.com,IT,87815.96,18-09-2022,37,,,,,,,,,,,,
599,Edward,Williams,benjamincopeland@gmail.com,Operations,93870.71,11-03-2024,37,,,,,,,,,,,,
601,Andrew,Mata,lphillips@yahoo.com,Marketing,63296.82,30-08-2023,37,,,,,,,,,,,,
602,Juan,Butler,joshua04@burgess-king.com,HR,47211.99,07-03-2020,37,,,,,,,,,,,,
603,David,Williams,hopkinsantonio@fritz-perez.com,Operations,84895.62,22-11-2020,37,,,,,,,,,,,,
604,Benjamin,Floyd,prestonsean@yahoo.com,IT,62232.01,14-12-2022,37,,,,,,,,,,,,
605,Jennifer,Sanchez,danielcooper@yahoo.com,Finance,89966.98,05-05-2023,37,,,,,,,,,,,,
606,Michael,Kennedy,charles12@glover-miller.com,IT,50105.46,11-10-2021,37,,,,,,,,,,,,
607,Ryan,Davidson,audreygross@yahoo.com,HR,78986.38,07-05-2022,37,,,,,,,,,,,,
608,Cassandra,Salinas,heather25@hotmail.com,HR,44327.26,22-06-2022,37,,,,,,,,,,,,
609,Tim,Carroll,patrick66@alvarez.com,Marketing,53296.38,14-02-2020,37,,,,,,,,,,,,
611,George,Long,goodwinsandra@diaz-shea.biz,Finance,51830.12,15-07-2021,37,,,,,,,,,,,,
612,Frances,Blair,esteswilliam@yahoo.com,Finance,50446.03,23-12-2021,36,,,,,,,,,,,,
613,Matthew,Bishop,tjones@hotmail.com,Operations,64506.72,11-11-2023,36,,,,,,,,,,,,
614,Mackenzie,Chen,brownjohn@lewis.net,IT,78728.97,21-12-2020,36,,,,,,,,,,,,
615,David,Ryan,ysmall@hotmail.com,Marketing,42375.02,12-01-2023,36,,,,,,,,,,,,
616,Steven,Ramirez,denise82@phillips.com,Operations,81840.67,26-02-2022,36,,,,,,,,,,,,
617,Benjamin,Peters,gonzalezrichard@glover-williams.com,Marketing,47999.53,02-10-2022,36,,,,,,,,,,,,
618,Michael,Davis,alicesherman@yahoo.com,Operations,47246.41,27-02-2021,36,,,,,,,,,,,,
619,Robin,Bailey,hammondtami@gmail.com,Finance,62279.18,28-11-2022,36,,,,,,,,,,,,
620,Thomas,Day,jpennington@hotmail.com,HR,64166.2,22-07-2021,36,,,,,,,,,,,,
621,Jennifer,Anderson,robertkim@gmail.com,Finance,65488.9,11-05-2023,36,,,,,,,,,,,,
622,Hunter,Burch,suzanne20@miller-neal.com,Operations,59321.22,18-03-2022,36,,,,,,,,,,,,
623,Andrew,Riley,nicolebowman@morrison-aguilar.org,IT,44245.78,29-07-2022,36,,,,,,,,,,,,
624,Colin,Ward,reginaldsingh@hotmail.com,HR,81914.12,06-01-2022,36,,,,,,,,,,,,
625,Thomas,Hamilton,reginald94@smith.info,HR,38995.73,23-09-2022,36,,,,,,,,,,,,
626,Cody,Watson,april21@yahoo.com,Marketing,61109.2,28-02-2020,36,,,,,,,,,,,,
627,Charles,Cook,corymatthews@gmail.com,IT,64615.28,16-06-2022,36,,,,,,,,,,,,
628,Megan,Knight,twelch@reyes.com,Operations,68093.44,17-04-2024,36,,,,,,,,,,,,
629,Kenneth,Chan,evansscott@yahoo.com,IT,94957.2,12-05-2023,36,,,,,,,,,,,,
630,Stephen,Hoffman,hmartin@lee-bean.com,Operations,39907.03,22-04-2023,36,,,,,,,,,,,,
631,Nicole,Howard,dunnstephen@hotmail.com,IT,39582.58,07-11-2021,36,,,,,,,,,,,,
632,April,Davis,smithcassandra@gmail.com,Marketing,55585.77,07-05-2023,36,,,,,,,,,,,,
633,Brian,Parker,riveraanthony@gmail.com,IT,35971.48,01-05-2022,36,,,,,,,,,,,,
634,Mary,Bennett,larry52@miller-williams.com,Operations,52426.82,31-10-2022,36,,,,,,,,,,,,
635,Martin,Day,davidfrost@gmail.com,Finance,63082.97,06-12-2022,36,,,,,,,,,,,,
636,Monica,Ballard,rowelogan@gmail.com,IT,86677.65,20-09-2022,36,,,,,,,,,,,,
637,Brandon,May,owolfe@andersen-lutz.net,Marketing,82492.74,10-07-2020,36,,,,,,,,,,,,
638,Valerie,Arnold,nelsoncameron@hotmail.com,Operations,43962.85,12-10-2020,36,,,,,,,,,,,,
639,Matthew,Mcdonald,lwebb@patel.com,IT,97416.22,02-09-2022,35,,,,,,,,,,,,
640,Wesley,Adams,caroline57@jordan.com,HR,77005.51,30-10-2021,35,,,,,,,,,,,,
641,Edward,Smith,awilliams@ortega-parker.com,Finance,36400.78,28-11-2020,35,,,,,,,,,,,,
642,Sean,Mcdaniel,mariahtaylor@yahoo.com,Operations,58413.05,27-08-2021,35,,,,,,,,,,,,
643,Robert,Thomas,kentdavid@fuentes.info,IT,58460.91,12-01-2020,35,,,,,,,,,,,,
644,Rachel,Butler,bautistajamie@gmail.com,Marketing,87780.78,09-02-2020,35,,,,,,,,,,,,
645,Lance,Rodriguez,mary14@baker-franklin.info,Marketing,71754.65,28-12-2019,35,,,,,,,,,,,,
646,Amanda,Crawford,prestoneric@yahoo.com,IT,62456.28,28-09-2024,35,,,,,,,,,,,,
647,Alexander,Simmons,rflores@yahoo.com,Marketing,64771.12,08-10-2022,35,,,,,,,,,,,,
648,Lindsay,Marsh,bfrench@hotmail.com,Finance,85599.02,04-01-2022,35,,,,,,,,,,,,
649,Nicholas,Mcdonald,meghanrocha@hotmail.com,IT,45980.69,24-05-2021,35,,,,,,,,,,,,
650,Hayley,Jones,camachobrianna@gmail.com,Marketing,54231.8,11-03-2021,35,,,,,,,,,,,,
651,Ryan,Lee,operkins@villanueva-hernandez.biz,HR,31073.86,02-09-2020,35,,,,,,,,,,,,
652,David,Moss,jbarnes@monroe.com,Operations,64774.48,12-12-2023,35,,,,,,,,,,,,
653,Ryan,Smith,matthew82@yahoo.com,Operations,30118.59,20-03-2022,35,,,,,,,,,,,,
654,Jeremy,Fox,jamiepierce@hotmail.com,Finance,47327.58,10-03-2021,35,,,,,,,,,,,,
655,Tiffany,Ward,sarah68@gmail.com,Marketing,63307.83,25-11-2023,35,,,,,,,,,,,,
656,Jillian,Perez,joanjordan@wilson.com,HR,48982.56,26-07-2022,35,,,,,,,,,,,,
657,Kristi,Ramirez,carrie54@yahoo.com,IT,71174.64,22-06-2020,35,,,,,,,,,,,,
658,Lisa,Odonnell,cassandrarojas@hotmail.com,Finance,77699.82,30-04-2020,35,,,,,,,,,,,,
659,Kim,Clark,gloverkatrina@gmail.com,HR,90037.51,19-04-2022,35,,,,,,,,,,,,
660,Anthony,Kirby,jamie15@cameron.com,IT,58580.65,22-07-2023,35,,,,,,,,,,,,
661,Brenda,Joseph,sarashelton@hotmail.com,IT,98506.28,12-02-2023,35,,,,,,,,,,,,
662,Darlene,Hill,clarkrachael@sparks.org,IT,37675.6,01-06-2020,35,,,,,,,,,,,,
663,Stacy,Smith,jameslivingston@wilson.com,IT,64429.43,13-04-2023,35,,,,,,,,,,,,
664,Christopher,Ware,kelly78@yahoo.com,HR,94529.08,19-04-2021,35,,,,,,,,,,,,
665,Juan,Norton,dbeck@hotmail.com,IT,94725.44,24-05-2022,35,,,,,,,,,,,,
666,Tracy,Brooks,gibsonkelly@hotmail.com,Finance,81753.81,13-03-2021,34,,,,,,,,,,,,
667,Donna,Thompson,candiceshah@hotmail.com,Operations,95875.92,07-08-2024,34,,,,,,,,,,,,
668,Amy,Lawrence,weavertabitha@baker.com,Marketing,88468.66,20-06-2022,34,,,,,,,,,,,,
669,Daniel,Griffin,joseph71@hotmail.com,HR,91732.52,20-01-2023,34,,,,,,,,,,,,
670,Stacy,Schmidt,fgraham@wilson.com,Marketing,98117.36,13-01-2023,34,,,,,,,,,,,,
671,Bradley,Hart,teresabrown@gmail.com,Operations,87771,05-07-2024,34,,,,,,,,,,,,
672,Joseph,Stanley,joshuacarpenter@thompson-morrow.com,Operations,44484.92,24-11-2020,34,,,,,,,,,,,,
673,Jonathan,Fernandez,walkerjames@wise.net,Operations,68122.58,02-02-2020,34,,,,,,,,,,,,
674,Victoria,Mosley,hhogan@gmail.com,IT,92988.26,14-04-2024,34,,,,,,,,,,,,
675,Kelly,Carson,casedouglas@yahoo.com,Operations,44725.53,29-07-2020,34,,,,,,,,,,,,
676,Matthew,Kelly,ramirezjames@stanley.org,Marketing,83457.39,24-05-2024,34,,,,,,,,,,,,
677,Cory,Richard,steve99@hotmail.com,HR,36959.54,12-05-2023,34,,,,,,,,,,,,
678,Dennis,Scott,suzanne36@hotmail.com,Operations,38572.54,03-07-2020,34,,,,,,,,,,,,
679,Brandon,Higgins,timothyaguirre@hotmail.com,HR,84931.69,16-09-2021,34,,,,,,,,,,,,
680,Julie,Rivers,dnelson@franklin.info,Marketing,93011.58,29-07-2021,34,,,,,,,,,,,,
681,Javier,Ingram,xsnow@owens.info,HR,76310.64,01-08-2022,34,,,,,,,,,,,,
682,Mary,Rivera,maddoxjohn@mccoy.com,Marketing,78199.3,12-05-2022,34,,,,,,,,,,,,
683,Aaron,Vega,leesheena@gmail.com,Marketing,60504.18,22-11-2020,34,,,,,,,,,,,,
684,Nicole,Bates,amberwaller@yang.com,Marketing,87419.13,12-10-2021,34,,,,,,,,,,,,
685,Daniel,Cooper,brittney03@hotmail.com,Marketing,37404.35,09-06-2023,34,,,,,,,,,,,,
686,Kelli,Jenkins,wwilliams@yahoo.com,Operations,75346.53,28-05-2024,34,,,,,,,,,,,,
687,Laurie,Martinez,mhobbs@gmail.com,Marketing,73302.56,24-08-2020,34,,,,,,,,,,,,
688,Dawn,Cooke,abaker@ramirez.com,Finance,87856.53,18-11-2021,34,,,,,,,,,,,,
689,Judy,Bolton,debra95@hotmail.com,Operations,56434.83,21-08-2023,33,,,,,,,,,,,,
690,Daniel,Ramos,boydrenee@cisneros.info,Marketing,78834.59,27-03-2021,33,,,,,,,,,,,,
691,Corey,Barton,ryantorres@richards.biz,IT,99969.69,17-07-2022,33,,,,,,,,,,,,
692,Olivia,Johnson,fmorgan@hotmail.com,Operations,39895.64,04-03-2022,33,,,,,,,,,,,,
693,Jeffrey,Morgan,woodsabigail@jordan.com,IT,43345.13,25-05-2020,33,,,,,,,,,,,,
694,Kimberly,Myers,santiagojennifer@hotmail.com,Marketing,38732.13,25-11-2023,33,,,,,,,,,,,,
695,April,Matthews,natasha24@hotmail.com,Marketing,56676.22,24-07-2020,33,,,,,,,,,,,,
696,Kevin,Bishop,swhite@gmail.com,HR,52851.62,12-12-2023,33,,,,,,,,,,,,
697,Roberta,Cooper,brittany25@rodriguez-williams.com,Marketing,40646.03,16-11-2024,33,,,,,,,,,,,,
698,Eric,Cunningham,christopherbyrd@hotmail.com,IT,79158.38,31-10-2024,33,,,,,,,,,,,,
699,Joshua,Salas,derekgardner@hotmail.com,HR,80795.26,22-10-2021,33,,,,,,,,,,,,
700,Jeffrey,Lewis,johnsonjesse@yahoo.com,HR,84782.51,29-06-2023,33,,,,,,,,,,,,
701,Angela,Murphy,schroederandrew@hotmail.com,Marketing,69066.09,25-11-2021,33,,,,,,,,,,,,
702,Daniel,Oconnor,garciamichelle@hotmail.com,IT,75259.22,15-08-2020,33,,,,,,,,,,,,
703,Connor,Lucas,mhebert@gmail.com,Finance,73622.5,07-01-2024,33,,,,,,,,,,,,
704,Tyler,Thompson,wwhite@hotmail.com,IT,94686.42,21-09-2023,33,,,,,,,,,,,,
705,Joyce,Odom,gentrymelissa@diaz-jenkins.com,Finance,85967.68,24-04-2024,33,,,,,,,,,,,,
706,Pamela,Smith,tcarrillo@wright.com,HR,79761.48,13-02-2023,33,,,,,,,,,,,,
707,Brian,Swanson,regina20@hotmail.com,Finance,63079.08,31-01-2023,33,,,,,,,,,,,,
708,John,Bennett,stephanie49@jackson-cook.com,HR,81386.6,13-03-2024,33,,,,,,,,,,,,
709,Eric,Bennett,benjamin11@brown.com,IT,87258.95,05-07-2020,33,,,,,,,,,,,,
710,Andre,Miller,anna18@gmail.com,Operations,58595.76,07-09-2020,33,,,,,,,,,,,,
711,Adam,Ramsey,hernandezbarbara@yahoo.com,Marketing,55092.39,15-09-2021,33,,,,,,,,,,,,
712,Abigail,Garrett,jason08@hotmail.com,Marketing,59596.29,18-05-2022,33,,,,,,,,,,,,
713,Ana,Shields,fhood@moyer.com,Finance,41767.13,21-10-2020,33,,,,,,,,,,,,
714,Jonathan,Lowe,belljames@peters.com,Marketing,88143.03,20-01-2020,33,,,,,,,,,,,,
715,Morgan,Wilson,christopherpaul@yahoo.com,HR,54129.54,19-01-2022,33,,,,,,,,,,,,
716,Jesus,Luna,huangjessica@hotmail.com,Operations,61862.8,14-08-2023,33,,,,,,,,,,,,
717,Timothy,Trujillo,asmith@wilson.com,IT,89841.64,24-12-2023,32,,,,,,,,,,,,
718,Daniel,Sharp,jesselopez@jones.com,Operations,69636.3,25-04-2021,32,,,,,,,,,,,,
719,Melinda,Davidson,garmstrong@gmail.com,IT,82194.64,27-11-2022,32,,,,,,,,,,,,
720,Paul,Petty,tbaker@blair.com,Finance,79137.8,15-10-2024,32,,,,,,,,,,,,
721,Christopher,Brown,beckerparker@gmail.com,IT,92549.18,11-11-2023,32,,,,,,,,,,,,
722,Brian,Ramirez,cartercarla@gonzalez.com,HR,32398.69,15-04-2024,32,,,,,,,,,,,,
723,Kathryn,Thomas,john26@gmail.com,Finance,60260.61,12-05-2022,32,,,,,,,,,,,,
724,Amy,Mcgee,katherine25@bryan.info,Finance,59059.45,03-05-2021,32,,,,,,,,,,,,
725,Shannon,Goodman,mevans@lopez-zamora.org,IT,84410.58,24-12-2022,32,,,,,,,,,,,,
726,Angela,Mckinney,hammondmichael@yahoo.com,Finance,52970.93,14-04-2023,32,,,,,,,,,,,,
727,Connie,Luna,shawncooper@ritter.biz,HR,64556,24-08-2024,32,,,,,,,,,,,,
728,Arthur,Lopez,patrick40@yahoo.com,IT,63982.23,25-11-2023,32,,,,,,,,,,,,
729,Susan,Sherman,christopherwebster@massey-hines.com,HR,71296.04,29-08-2023,32,,,,,,,,,,,,
730,Mark,Davis,bakersierra@atkins-williams.com,Operations,64203.03,23-04-2024,32,,,,,,,,,,,,
731,Derrick,Rodriguez,shunt@ross.com,HR,45737.44,16-11-2024,32,,,,,,,,,,,,
732,Carl,Smith,johnsonchad@cortez-simon.com,IT,44229.15,01-11-2021,32,,,,,,,,,,,,
733,Meredith,Nelson,areed@gmail.com,Finance,38683.07,11-11-2024,32,,,,,,,,,,,,
734,Kevin,Noble,daniel08@wilson.com,Operations,73611.63,07-12-2020,32,,,,,,,,,,,,
735,Adrian,Schmidt,timothyclayton@yahoo.com,HR,60648.05,18-01-2022,32,,,,,,,,,,,,
736,Linda,Knox,garciaangela@gmail.com,HR,38242.09,13-11-2023,32,,,,,,,,,,,,
737,Craig,Kaufman,stokesmeredith@yahoo.com,Finance,36781.49,29-04-2023,32,,,,,,,,,,,,
738,Michele,Doyle,jessica78@yahoo.com,IT,70852.1,30-10-2023,32,,,,,,,,,,,,
739,Julie,Burke,leslie70@holden-delacruz.com,IT,92467.83,06-11-2022,32,,,,,,,,,,,,
740,Randall,Garcia,agiles@hotmail.com,HR,67728.42,19-04-2023,31,,,,,,,,,,,,
741,Nathan,Hess,harristracy@gmail.com,Operations,56926.81,14-07-2022,31,,,,,,,,,,,,
742,Patricia,Kirk,elizabethmcdonald@yahoo.com,IT,40540.07,29-12-2019,31,,,,,,,,,,,,
743,Luke,Lawrence,victoria28@gmail.com,IT,41702.77,27-07-2022,31,,,,,,,,,,,,
744,Brian,Mcclure,weekshannah@hart-murphy.com,IT,76542.09,05-12-2020,31,,,,,,,,,,,,
745,Carrie,Brooks,caitlinharris@finley.com,Operations,39718.65,07-02-2024,31,,,,,,,,,,,,
746,Brittany,Warren,lindsey57@gray.info,IT,95509.49,07-12-2022,31,,,,,,,,,,,,
747,Chase,Harris,smithmartin@johnson-stein.com,HR,38838.34,27-10-2022,31,,,,,,,,,,,,
748,Laura,Baker,jacqueline94@gmail.com,Marketing,62128.48,16-11-2021,31,,,,,,,,,,,,
749,Travis,Williams,orobinson@yahoo.com,IT,37122.94,13-09-2023,31,,,,,,,,,,,,
750,Elizabeth,Perry,jacob14@winters.com,IT,64384.67,11-07-2024,31,,,,,,,,,,,,
751,Christopher,Rodriguez,beckwesley@bennett-brown.com,Finance,83571.55,10-05-2022,31,,,,,,,,,,,,
752,Jon,Rogers,moorewilliam@hotmail.com,Operations,63194.09,02-07-2020,31,,,,,,,,,,,,
753,Lisa,Garcia,traceychavez@wilson.net,HR,83345.27,09-02-2021,31,,,,,,,,,,,,
754,Daniel,Parks,martinezmonica@yahoo.com,HR,44927.18,17-05-2020,31,,,,,,,,,,,,
755,Rose,Curtis,victor77@yahoo.com,Marketing,66135.47,16-12-2022,31,,,,,,,,,,,,
756,Jacob,Lopez,ricejoseph@gmail.com,Finance,39413.98,03-04-2020,31,,,,,,,,,,,,
757,Jimmy,Gibson,mcphersontimothy@gmail.com,Operations,90850.73,27-03-2024,31,,,,,,,,,,,,
758,Susan,Williams,jennacalderon@carpenter-smith.info,Marketing,48365.88,09-02-2022,31,,,,,,,,,,,,
759,Daniel,Myers,baldwinmichael@maxwell-cain.com,Operations,40077.35,14-04-2024,31,,,,,,,,,,,,
760,Laura,Lopez,lindacooper@arroyo.com,Marketing,63664.92,20-12-2019,31,,,,,,,,,,,,
761,Danny,Lin,nicholscarol@garrett-harrell.com,Operations,73773.58,17-09-2022,31,,,,,,,,,,,,
762,Daniel,Bailey,waltonjoseph@gmail.com,Marketing,86601.18,27-10-2024,31,,,,,,,,,,,,
763,Christopher,Clarke,michellerodriguez@hotmail.com,Operations,96631.59,17-05-2024,31,,,,,,,,,,,,
764,Emily,Mueller,xjones@gomez-blevins.com,Finance,31557.69,31-10-2024,31,,,,,,,,,,,,
765,Nathan,Fitzgerald,tracygarrett@campbell.biz,Operations,82885.91,26-07-2021,31,,,,,,,,,,,,
766,Jesse,Snyder,hallison@wright.org,Finance,76959.56,14-01-2021,31,,,,,,,,,,,,
767,Karen,Garcia,parkerjessica@yahoo.com,Marketing,54060.66,20-07-2024,31,,,,,,,,,,,,
768,Edward,Flores,melissa91@gmail.com,IT,76601.14,24-07-2022,31,,,,,,,,,,,,
769,Michelle,Singh,jill63@hotmail.com,IT,78684.07,20-02-2022,30,,,,,,,,,,,,
770,Michael,Goodwin,amanda04@hotmail.com,Marketing,80961.56,10-04-2023,30,,,,,,,,,,,,
771,Adam,Horton,oschmidt@hotmail.com,IT,72441.89,05-04-2022,30,,,,,,,,,,,,
772,Charles,Bass,franklinvanessa@stanley-caldwell.info,Finance,81964,04-11-2022,30,,,,,,,,,,,,
773,Ricardo,Young,william53@bell.com,HR,92354.5,18-09-2020,30,,,,,,,,,,,,
774,Sharon,Cummings,alarsen@yahoo.com,HR,65472.46,03-04-2024,30,,,,,,,,,,,,
775,Jennifer,Davenport,monica71@king.org,HR,72728.64,06-11-2021,30,,,,,,,,,,,,
776,David,Carroll,krauseaaron@graham.org,Finance,64242.48,30-05-2024,30,,,,,,,,,,,,
777,Lisa,Thompson,smithshannon@yahoo.com,Marketing,35621.71,15-09-2022,30,,,,,,,,,,,,
778,Kristin,Ramirez,owilson@lewis.com,HR,39972.32,14-02-2022,30,,,,,,,,,,,,
780,Dan,Thompson,matthew00@white.biz,Operations,64379.07,08-05-2024,30,,,,,,,,,,,,
781,William,Miller,holly18@gmail.com,HR,58016.84,13-03-2023,29,,,,,,,,,,,,
782,Antonio,Schultz,allenmarie@crosby.info,Marketing,95804.28,28-02-2022,29,,,,,,,,,,,,
783,Blake,Blankenship,jhernandez@steele-clark.com,Marketing,93881.72,04-07-2021,29,,,,,,,,,,,,
784,Bridget,Golden,conleyjackson@hotmail.com,Marketing,53690.94,01-07-2021,29,,,,,,,,,,,,
785,Jeffrey,Willis,sandra83@gmail.com,HR,96006.22,18-07-2020,29,,,,,,,,,,,,
786,Patricia,Boyd,allenkara@berg-harper.com,Operations,36452.01,20-09-2024,29,,,,,,,,,,,,
787,James,Farley,jeffrey50@hotmail.com,Finance,58887.73,29-01-2023,29,,,,,,,,,,,,
788,Peggy,Martin,wmaldonado@shaw-simmons.com,IT,51377.83,12-09-2021,29,,,,,,,,,,,,
789,Alexander,Rose,jonathan80@hotmail.com,IT,87962.04,03-10-2020,29,,,,,,,,,,,,
790,Jade,Wilson,cohenkatherine@johnson.net,IT,87170.29,16-07-2020,29,,,,,,,,,,,,
791,Justin,Hamilton,jonathanvalentine@johnson.com,Finance,53375.31,18-04-2020,29,,,,,,,,,,,,
792,Amanda,Ramirez,daviskimberly@nguyen.com,HR,90385.44,13-01-2022,29,,,,,,,,,,,,
793,Laura,Cunningham,jeffreycain@hotmail.com,Operations,76845.17,26-03-2022,29,,,,,,,,,,,,
794,Brittany,Wong,tyler36@yahoo.com,Operations,48036.71,02-05-2023,29,,,,,,,,,,,,
795,Mason,Rodriguez,devin31@yahoo.com,Marketing,83383.19,10-02-2021,29,,,,,,,,,,,,
796,Jonathan,Ross,david77@simon.com,IT,69020.7,08-07-2024,29,,,,,,,,,,,,
797,Scott,Nelson,klynch@gmail.com,HR,94982.49,14-08-2020,29,,,,,,,,,,,,
798,Melissa,Townsend,wpalmer@yahoo.com,IT,99618.31,21-07-2022,29,,,,,,,,,,,,
799,Tammy,Kirby,hillamber@riggs.com,IT,85980.83,09-09-2020,29,,,,,,,,,,,,
800,Micheal,Diaz,kristinreyes@lara.com,Finance,58079.49,09-11-2021,29,,,,,,,,,,,,
801,David,Herring,mario95@avila.info,Finance,86153.12,27-09-2021,29,,,,,,,,,,,,
802,Jean,Henderson,perezgarrett@gmail.com,Finance,96934.22,07-06-2023,29,,,,,,,,,,,,
803,Joseph,Tate,sosborne@chase.com,Finance,39392.15,19-08-2022,29,,,,,,,,,,,,
804,George,Jimenez,georgejoseph@robinson.com,Finance,71891.28,09-09-2021,29,,,,,,,,,,,,
805,Charles,Lang,liucraig@spears.com,HR,53047.8,29-01-2022,29,,,,,,,,,,,,
806,Lindsey,Payne,frodriguez@perez.com,Operations,63803.69,06-08-2023,29,,,,,,,,,,,,
807,Mary,Leon,jameshunter@mendoza.org,HR,57259.74,22-04-2023,29,,,,,,,,,,,,
808,John,Austin,ynelson@yahoo.com,Finance,30228.7,24-08-2024,29,,,,,,,,,,,,
809,David,Vasquez,thorntonthomas@yahoo.com,HR,46619.94,18-02-2022,29,,,,,,,,,,,,
810,Jose,Sanchez,zcunningham@yahoo.com,HR,41287.18,18-02-2024,29,,,,,,,,,,,,
811,Austin,Cook,maryponce@gmail.com,Marketing,72695.76,31-01-2021,29,,,,,,,,,,,,
812,Sheri,Harris,rayturner@moore.com,Marketing,56796.66,17-03-2022,29,,,,,,,,,,,,
813,Jennifer,Barajas,michelle49@gmail.com,Finance,38449.16,29-02-2024,29,,,,,,,,,,,,
814,Courtney,Holden,davidbarr@riley-hansen.org,Marketing,45974.65,25-08-2021,29,,,,,,,,,,,,
815,James,Hernandez,staceymccormick@hotmail.com,HR,42210.53,12-10-2021,28,,,,,,,,,,,,
816,Jennifer,Ward,hortonpeter@yahoo.com,IT,81092.01,03-03-2024,28,,,,,,,,,,,,
817,Brittney,West,lisaparker@gmail.com,IT,67267.15,07-04-2021,28,,,,,,,,,,,,
818,Carrie,Ward,kenneth65@baker.info,Marketing,65427.99,09-06-2023,28,,,,,,,,,,,,
819,Regina,Peck,melissa39@gmail.com,Finance,65062.84,15-06-2022,28,,,,,,,,,,,,
820,Andrea,Graham,christinaelliott@hotmail.com,Operations,59984.74,26-09-2024,28,,,,,,,,,,,,
821,Dana,Perkins,robert09@park.com,Operations,64676.64,27-07-2021,28,,,,,,,,,,,,
822,Richard,Horn,garciascott@obrien.com,HR,89155.87,04-06-2021,28,,,,,,,,,,,,
823,Andres,Banks,kevinward@lee.net,IT,41122.2,07-03-2020,28,,,,,,,,,,,,
824,Bobby,Silva,amandaparks@hotmail.com,Finance,61326.23,12-01-2023,28,,,,,,,,,,,,
825,William,George,krystalreynolds@gmail.com,Operations,45158.58,28-02-2022,28,,,,,,,,,,,,
826,Jessica,Smith,elliottmichael@baker-velez.biz,Operations,36320.6,14-12-2023,28,,,,,,,,,,,,
827,Nicholas,Perez,dominguezedwin@gmail.com,Marketing,82514.24,23-01-2022,28,,,,,,,,,,,,
828,Sharon,Murphy,lindsey44@yahoo.com,Finance,46047.71,25-04-2024,28,,,,,,,,,,,,
829,Anthony,Klein,hopkinsspencer@gmail.com,IT,53638.72,19-12-2020,28,,,,,,,,,,,,
830,Robert,Diaz,paulaperez@hotmail.com,HR,67344.35,26-01-2020,28,,,,,,,,,,,,
831,Lawrence,Hill,watkinsbrad@mcdonald.com,Marketing,89625.68,27-06-2024,28,,,,,,,,,,,,
832,Melissa,Walker,alexander84@hotmail.com,HR,31631.32,11-03-2021,28,,,,,,,,,,,,
833,William,Carr,vasquezphilip@yahoo.com,Finance,33178.65,01-01-2022,28,,,,,,,,,,,,
834,Tyler,Dixon,eric52@gmail.com,Finance,69899.18,08-06-2021,28,,,,,,,,,,,,
835,Gregory,Stevens,rocharegina@gmail.com,IT,58465.47,13-11-2023,28,,,,,,,,,,,,
836,Mario,Craig,petersonalexander@johnson.net,Finance,87099.39,18-04-2020,28,,,,,,,,,,,,
837,Laura,Smith,joshua39@hotmail.com,IT,38754.96,19-05-2021,28,,,,,,,,,,,,
838,Robin,Morgan,joseph26@yahoo.com,HR,72009.97,20-11-2024,28,,,,,,,,,,,,
839,Kim,Davis,ashleygeorge@gmail.com,Finance,56156.69,07-03-2024,28,,,,,,,,,,,,
840,Jenna,Jackson,nlopez@gmail.com,Marketing,53038.67,19-05-2023,28,,,,,,,,,,,,
841,Taylor,Smith,ealvarado@gmail.com,Marketing,78555.46,21-09-2023,28,,,,,,,,,,,,
842,Kaylee,Lewis,timothyedwards@hotmail.com,Finance,73148.02,22-02-2024,28,,,,,,,,,,,,
843,Austin,Hall,wchristensen@james.com,HR,45702.75,03-06-2022,28,,,,,,,,,,,,
844,James,Bush,mward@prince-cruz.biz,HR,65927.77,27-12-2020,28,,,,,,,,,,,,
845,Justin,Reynolds,bking@hotmail.com,Finance,41118.33,11-12-2020,28,,,,,,,,,,,,
846,Jill,Jones,erin59@hotmail.com,HR,80168.48,15-08-2021,28,,,,,,,,,,,,
847,Michelle,Jenkins,thomas23@powers-stewart.net,Marketing,70584.74,30-06-2022,28,,,,,,,,,,,,
848,Nicholas,Kelley,ocrawford@allen-campbell.info,Finance,74110.04,04-02-2020,28,,,,,,,,,,,,
849,Barbara,Morgan,bhernandez@gray.org,Operations,96435.2,23-03-2023,28,,,,,,,,,,,,
850,Jeffrey,Ellison,mtorres@robinson.com,Marketing,85272.92,08-03-2022,27,,,,,,,,,,,,
851,Jennifer,Pope,danieldecker@ferguson-young.com,Finance,33955.54,08-06-2023,27,,,,,,,,,,,,
852,Patrick,Martin,smithdavid@dixon.info,IT,84448.52,28-07-2020,27,,,,,,,,,,,,
853,Hunter,Brooks,kcollins@gmail.com,Marketing,31323.11,15-07-2024,27,,,,,,,,,,,,
854,Brian,Smith,amy58@hotmail.com,Marketing,80679.51,05-12-2022,27,,,,,,,,,,,,
855,Stephanie,Hickman,carlasanchez@gmail.com,IT,52316.84,20-03-2020,27,,,,,,,,,,,,
856,Richard,Welch,vhooper@alexander-daniels.net,HR,48895.69,29-09-2020,27,,,,,,,,,,,,
858,Heather,Ortiz,mshah@gmail.com,Operations,60848.71,16-01-2020,27,,,,,,,,,,,,
859,Cassandra,Johnson,laurielin@torres.com,Finance,87413.58,30-11-2023,27,,,,,,,,,,,,
860,Jeffrey,Hunt,jacqueline64@wright.org,Operations,44886.02,27-12-2022,27,,,,,,,,,,,,
861,Lauren,Hall,kevin98@young.com,IT,38230.31,12-12-2020,27,,,,,,,,,,,,
862,Renee,Neal,mary64@gmail.com,IT,59280.96,28-01-2021,27,,,,,,,,,,,,
863,Christopher,Mcdonald,nkelley@gay-herrera.info,HR,36486.5,24-02-2023,27,,,,,,,,,,,,
864,Anthony,Howard,fernandezbrittany@smith.info,Operations,41560.78,10-05-2022,27,,,,,,,,,,,,
865,Danielle,Ritter,lodom@lewis-parks.com,HR,73506.47,06-12-2021,27,,,,,,,,,,,,
866,John,Griffith,collinsamanda@miranda.com,HR,40103.49,06-09-2024,27,,,,,,,,,,,,
867,Robert,Scott,brittany24@hotmail.com,IT,50483.22,07-09-2024,27,,,,,,,,,,,,
868,Richard,Garcia,hvega@cohen.com,HR,33263.94,05-09-2020,27,,,,,,,,,,,,
869,Edward,Adams,anthony42@hotmail.com,HR,61869.98,20-05-2023,27,,,,,,,,,,,,
870,Victoria,Brown,xmayer@craig-sawyer.biz,Finance,93150.32,17-12-2023,27,,,,,,,,,,,,
871,Makayla,Duncan,jlester@hotmail.com,HR,83637.49,06-10-2024,27,,,,,,,,,,,,
872,Shawn,Mccall,robertmitchell@miller-smith.org,Marketing,31612.28,15-03-2023,27,,,,,,,,,,,,
873,Anne,Andrade,dmorales@farmer.net,Marketing,59539.34,08-04-2024,27,,,,,,,,,,,,
874,Bradley,Randall,vdyer@franklin.biz,IT,37186.49,02-09-2020,27,,,,,,,,,,,,
875,Jessica,Parsons,lopezwalter@gmail.com,Marketing,97111.36,28-08-2021,26,,,,,,,,,,,,
876,Elizabeth,Moore,rmason@schultz.com,HR,83301.85,27-01-2020,26,,,,,,,,,,,,
877,Bobby,Wright,wrightmaria@rich.com,HR,38653.22,11-02-2022,26,,,,,,,,,,,,
878,Kimberly,Anderson,smithmichelle@roberts-wilson.com,Finance,61449.16,30-05-2024,26,,,,,,,,,,,,
879,Matthew,Perez,patricia53@lopez.info,Marketing,62012.81,27-12-2020,26,,,,,,,,,,,,
880,Robert,Hernandez,melissacarter@thomas.com,HR,36200.2,11-04-2023,26,,,,,,,,,,,,
881,Caleb,Coleman,btaylor@gmail.com,HR,67917.74,25-07-2022,26,,,,,,,,,,,,
882,Jennifer,Dawson,robert73@foster.com,Marketing,52692.5,21-08-2020,26,,,,,,,,,,,,
883,Karen,Freeman,fgarcia@hotmail.com,Marketing,67350.59,01-08-2023,26,,,,,,,,,,,,
884,Erica,Johnson,nmoran@salinas.com,Finance,40659.92,14-05-2023,26,,,,,,,,,,,,
885,Sharon,Allen,harrischarles@gmail.com,IT,94187.11,09-06-2020,26,,,,,,,,,,,,
886,Martha,Boone,larsonsharon@gmail.com,Marketing,95270.85,29-07-2023,26,,,,,,,,,,,,
887,Holly,Brown,williamsjoshua@rosario.info,HR,36542.12,02-03-2023,26,,,,,,,,,,,,
888,Jason,Jackson,nallen@hotmail.com,Finance,43270.35,14-08-2020,26,,,,,,,,,,,,
889,Darryl,Perez,danielruiz@yahoo.com,Marketing,53632.67,28-10-2024,26,,,,,,,,,,,,
890,Alexandria,Ward,ebrown@yahoo.com,Marketing,85773.99,01-03-2020,26,,,,,,,,,,,,
891,Melanie,Mcdonald,martinsmith@delgado-campbell.info,Finance,68448.61,11-02-2024,26,,,,,,,,,,,,
892,Jackie,Brown,rbailey@yahoo.com,Operations,97362.56,14-05-2021,26,,,,,,,,,,,,
893,Diane,Collins,stevenallen@weaver-haley.net,Operations,62058.9,05-06-2020,26,,,,,,,,,,,,
894,Aaron,Franklin,xnavarro@hotmail.com,IT,93687.2,14-01-2020,26,,,,,,,,,,,,
895,Julia,Williams,copelanddarrell@rice.com,Marketing,51382.13,03-01-2023,26,,,,,,,,,,,,
896,Victoria,Harris,jasmine26@gmail.com,Finance,42756.25,12-03-2024,26,,,,,,,,,,,,
897,Meghan,Ponce,leahnguyen@gmail.com,Marketing,92191.88,16-03-2024,26,,,,,,,,,,,,
898,Michelle,Jones,gary64@hotmail.com,Operations,91463.49,25-09-2021,26,,,,,,,,,,,,
899,Anthony,Wilson,spruitt@hotmail.com,Marketing,32848.52,07-05-2021,25,,,,,,,,,,,,
900,Christina,Christensen,oneillallison@simon.com,Finance,88365.73,29-02-2024,25,,,,,,,,,,,,
901,Carl,Saunders,kennethjohnson@morrow.com,IT,92189.87,07-08-2024,25,,,,,,,,,,,,
902,Randy,Price,christopher11@hall.biz,Finance,74474.62,25-04-2020,25,,,,,,,,,,,,
903,Daniel,Harris,vanessa65@gmail.com,Operations,50721.25,19-11-2020,25,,,,,,,,,,,,
904,Dylan,Gutierrez,annchurch@gmail.com,IT,54211.39,29-12-2022,25,,,,,,,,,,,,
905,Nancy,Maldonado,traciharper@welch.com,Marketing,45823.63,16-04-2020,25,,,,,,,,,,,,
906,Sara,Oliver,nicoleelliott@gmail.com,Finance,49770.04,20-09-2020,25,,,,,,,,,,,,
907,Jeremy,Garcia,omar27@gmail.com,HR,83593.79,02-10-2023,25,,,,,,,,,,,,
908,Tanya,Greer,robinsonderrick@hotmail.com,IT,82754.13,16-02-2021,25,,,,,,,,,,,,
909,Linda,Brown,tamaralewis@yahoo.com,Finance,62923.37,22-11-2022,25,,,,,,,,,,,,
910,Amber,Cain,smithmichael@haynes.biz,Operations,32102.33,27-01-2023,25,,,,,,,,,,,,
911,Matthew,Peterson,bwilliams@gmail.com,Marketing,58309.2,22-10-2021,25,,,,,,,,,,,,
912,Joseph,Wilson,troberts@howard.com,IT,76498.75,20-01-2021,25,,,,,,,,,,,,
913,Amy,Espinoza,wilsonjames@peck.biz,Marketing,51103.96,11-09-2023,25,,,,,,,,,,,,
914,Sarah,Gonzalez,julieolson@morgan.biz,HR,88251.44,26-10-2022,25,,,,,,,,,,,,
915,Jason,Sherman,rachel24@yahoo.com,Marketing,34222.6,10-10-2023,25,,,,,,,,,,,,
916,Alexander,Holmes,callahanjay@king.net,IT,69887.63,25-03-2024,25,,,,,,,,,,,,
917,Cathy,Kelley,adrian36@gmail.com,Marketing,38872.09,31-07-2022,25,,,,,,,,,,,,
918,Jason,Snyder,boothmeredith@beck.com,Operations,97239.73,07-03-2022,25,,,,,,,,,,,,
919,Brian,Wallace,thester@cooley.org,Finance,88396.53,14-07-2021,25,,,,,,,,,,,,
920,Angel,Zavala,wparks@garcia.com,Finance,55551.65,02-02-2023,25,,,,,,,,,,,,
921,Morgan,Johnson,morgan00@hotmail.com,Finance,62547.88,01-07-2021,25,,,,,,,,,,,,
922,Elizabeth,Hughes,laurasullivan@stein.net,IT,33568.81,28-03-2020,24,,,,,,,,,,,,
923,Katelyn,Gray,jgonzalez@hotmail.com,Marketing,50772.67,31-10-2023,24,,,,,,,,,,,,
924,James,Wilson,robinsonluis@mccormick.net,Marketing,91535.3,28-06-2023,24,,,,,,,,,,,,
925,Alicia,Thomas,clifford19@sweeney.net,Marketing,93462.31,29-11-2022,24,,,,,,,,,,,,
926,Nathan,Williams,dsmith@matthews.com,Marketing,52445.13,22-02-2021,24,,,,,,,,,,,,
927,Tommy,Bernard,qgonzalez@gmail.com,Operations,58384.65,05-09-2021,24,,,,,,,,,,,,
928,Kaitlyn,Clarke,donna98@skinner-harris.biz,Finance,72249.16,09-11-2021,24,,,,,,,,,,,,
929,Rachel,Becker,samantharussell@yahoo.com,IT,35834.57,04-06-2021,24,,,,,,,,,,,,
930,David,Jimenez,marknguyen@holmes.biz,Finance,66467.1,29-03-2020,24,,,,,,,,,,,,
931,Tiffany,Spence,morrisonlisa@hotmail.com,Operations,76371.94,15-05-2021,24,,,,,,,,,,,,
932,Glen,Barron,grobbins@yahoo.com,Operations,43998.01,01-06-2021,24,,,,,,,,,,,,
933,Roberto,Jones,vlarsen@hotmail.com,Finance,66070.35,05-03-2022,24,,,,,,,,,,,,
934,Joseph,Merritt,asmith@obrien-rowland.com,Marketing,82668.3,10-04-2021,24,,,,,,,,,,,,
935,Nicholas,Chavez,richardsfrances@turner.com,Marketing,49851.17,08-09-2021,24,,,,,,,,,,,,
936,Dean,Gonzalez,teresamayer@strickland.org,IT,30406.74,22-12-2019,24,,,,,,,,,,,,
937,Kylie,Cummings,myerszachary@long.com,HR,32406.3,29-07-2020,24,,,,,,,,,,,,
938,Matthew,Daugherty,ginawashington@yahoo.com,Operations,35081.48,01-03-2020,24,,,,,,,,,,,,
939,Jeremy,Kirby,wisemichael@oneal.com,Operations,32632.1,13-07-2024,24,,,,,,,,,,,,
940,Patricia,Ferguson,jroach@powers-robinson.com,Finance,60963.99,28-06-2020,24,,,,,,,,,,,,
941,Michelle,Bartlett,vfloyd@sherman-camacho.info,Finance,90761.51,08-09-2024,24,,,,,,,,,,,,
942,Rose,Jones,april67@gmail.com,Operations,64451.77,26-11-2024,24,,,,,,,,,,,,
943,Jennifer,Stein,daniel52@yahoo.com,IT,76122.86,11-03-2022,24,,,,,,,,,,,,
944,David,Hines,uhaynes@yahoo.com,Operations,35092.03,14-10-2024,24,,,,,,,,,,,,
945,Sarah,Chapman,shannon59@yahoo.com,IT,38301.3,02-03-2020,24,,,,,,,,,,,,
946,Jamie,Williams,timothy19@hotmail.com,IT,85240.21,24-04-2020,24,,,,,,,,,,,,
947,Kathleen,Martinez,fieldstrevor@gmail.com,Operations,71643.66,05-10-2022,24,,,,,,,,,,,,
948,John,Ward,lindacross@hines-peterson.com,Marketing,32104.25,12-09-2024,24,,,,,,,,,,,,
949,Matthew,Lewis,danielkrause@yahoo.com,IT,59412.38,11-02-2020,23,,,,,,,,,,,,
950,Jacob,Reed,briannaheath@lewis.com,Finance,75920.14,10-05-2020,23,,,,,,,,,,,,
951,Lindsay,Jones,laurenlove@gmail.com,Operations,44721.8,01-08-2021,23,,,,,,,,,,,,
952,Shari,Morgan,orodriguez@miller-long.com,Finance,31036.35,28-05-2022,23,,,,,,,,,,,,
953,Christopher,Roberts,nicholasvasquez@yahoo.com,IT,85941.13,23-04-2023,23,,,,,,,,,,,,
954,Carmen,Webb,ruizyvonne@hotmail.com,Finance,69940.18,08-09-2024,23,,,,,,,,,,,,
955,Jonathan,Brewer,thomasdanielle@tucker.com,IT,53942.56,04-06-2021,23,,,,,,,,,,,,
956,Michelle,Martin,whitakercarmen@yahoo.com,Operations,92597.05,16-07-2021,23,,,,,,,,,,,,
957,Eric,Perez,kberry@hotmail.com,Operations,90045.2,15-11-2024,23,,,,,,,,,,,,
958,Laura,Bass,leon95@osborne.biz,HR,37031.75,29-04-2020,23,,,,,,,,,,,,
959,Alexandria,Foster,hking@gmail.com,HR,49420.84,16-12-2021,23,,,,,,,,,,,,
960,Jason,Noble,terrigarrett@meyers.com,Operations,54151.84,24-10-2022,23,,,,,,,,,,,,
961,Stephen,Frey,brian14@hotmail.com,Finance,57261.68,07-07-2023,23,,,,,,,,,,,,
962,Erica,Bautista,jason22@williams-baker.com,Finance,72656.93,14-01-2021,23,,,,,,,,,,,,
963,Roberto,Gutierrez,kennethbrown@williams.com,Finance,56078.16,26-09-2024,23,,,,,,,,,,,,
964,Carla,Barker,jbutler@hotmail.com,HR,76766.15,20-10-2020,23,,,,,,,,,,,,
965,Heather,Baldwin,johnsonalexis@wright.com,Finance,57149.01,03-01-2024,23,,,,,,,,,,,,
966,Jeffrey,Flores,wendypatel@quinn.biz,Finance,80654.57,24-03-2024,23,,,,,,,,,,,,
967,Adam,Bradshaw,jamie22@gmail.com,HR,71955.56,13-05-2024,23,,,,,,,,,,,,
968,Sharon,Mejia,jacksonerin@gmail.com,HR,96890.76,11-08-2020,23,,,,,,,,,,,,
969,Mary,Santos,stevenreid@peters.com,Marketing,77416.12,26-07-2023,23,,,,,,,,,,,,
970,Travis,Richardson,kwilliams@hotmail.com,Finance,41761.19,22-10-2023,23,,,,,,,,,,,,
971,Kimberly,Hill,bonnie18@hotmail.com,Finance,38040.89,10-11-2020,23,,,,,,,,,,,,
972,Brian,Fields,traciehudson@thompson.org,Marketing,95908.28,10-06-2023,23,,,,,,,,,,,,
973,Jenna,Reeves,sarah87@yahoo.com,Finance,82632.42,31-10-2021,22,,,,,,,,,,,,
974,Angela,Higgins,jacobbrown@cochran.com,Operations,45452.52,09-08-2020,22,,,,,,,,,,,,
975,Anna,Rogers,ovargas@acosta.info,IT,98904.04,03-04-2021,22,,,,,,,,,,,,
976,Adam,Rush,cmccullough@cunningham.info,Finance,70638.71,26-06-2023,22,,,,,,,,,,,,
977,Courtney,Andersen,jason17@lee-brown.net,Operations,30133.72,29-10-2023,22,,,,,,,,,,,,
978,Brenda,Joyce,brooke61@lawson.com,IT,41966.82,14-11-2020,22,,,,,,,,,,,,
979,James,Brown,lcox@hotmail.com,Finance,31054.69,13-05-2020,22,,,,,,,,,,,,
980,Jason,Bailey,troy02@yahoo.com,IT,93593.58,07-11-2021,22,,,,,,,,,,,,
981,Timothy,English,tyler15@nichols.org,Marketing,66114.78,30-07-2020,22,,,,,,,,,,,,
982,Adam,Lowe,blopez@carpenter.com,IT,93174.12,21-09-2024,22,,,,,,,,,,,,
983,Rebecca,Crosby,allennoah@gmail.com,Finance,52424.11,16-11-2023,22,,,,,,,,,,,,
984,Charles,Morris,dorothylee@anderson.info,Finance,66316.14,11-04-2024,22,,,,,,,,,,,,
985,Daniel,Kelley,iespinoza@hotmail.com,Finance,76269.41,19-11-2023,22,,,,,,,,,,,,
986,Alex,Johnston,anita53@hotmail.com,Finance,78005.06,12-03-2023,22,,,,,,,,,,,,
987,Michelle,Koch,nwelch@yahoo.com,Operations,57775.65,04-01-2023,22,,,,,,,,,,,,
988,Mason,Tran,mileschelsey@gmail.com,Finance,73823.79,13-10-2022,22,,,,,,,,,,,,
989,Benjamin,Martinez,robersonmason@thomas-ramos.com,Operations,45594.95,11-08-2022,22,,,,,,,,,,,,
990,Frank,Miller,jennifer07@manning.com,IT,73566.74,19-11-2020,22,,,,,,,,,,,,
991,Dillon,Maldonado,jamesjeanette@gmail.com,IT,31881.6,17-07-2020,22,,,,,,,,,,,,
992,Angela,Jones,gutierrezerin@gmail.com,HR,31208.08,01-06-2021,22,,,,,,,,,,,,
993,Richard,Bright,kimdebbie@hotmail.com,HR,39884.28,07-07-2021,22,,,,,,,,,,,,
994,Daniel,White,michaelmorgan@rodriguez.org,Finance,34859.95,16-11-2020,22,,,,,,,,,,,,
995,Mary,Wagner,christine82@gmail.com,Marketing,35956.07,15-12-2023,22,,,,,,,,,,,,
996,Brandi,Cowan,qsimmons@gmail.com,Finance,97102.57,07-11-2024,22,,,,,,,,,,,,
997,Michael,Gray,curtisruben@gmail.com,IT,40509.73,11-03-2023,22,,,,,,,,,,,,
998,Cassandra,Rodriguez,brittneytran@dunlap.info,Finance,72886.03,25-07-2024,22,,,,,,,,,,,,
999,April,Howard,crystalcohen@smith.com,Operations,32177.63,06-04-2022,22,,,,,,,,,,,,
1000,Benjamin,Palmer,darylsnyder@williams.com,IT,87670.82,03-04-2020,22,,,,,,,,,,,,
